NaN,NaN,NaN,NaN,NaN,.07189473577209209,NaN,NaN,NaN,.6656936758645697,1.1058218995735656,NaN,NaN,NaN,NaN,NaN,NaN,NaN,NaN,NaN,NaN,NaN,-.8560828356945105,NaN,NaN,NaN,NaN,NaN,-.004036560470354133,NaN,NaN,NaN,NaN,NaN,NaN,NaN,NaN,NaN,NaN,NaN,.0008870904104622236,NaN,-.32544314748565634,NaN,NaN,NaN,NaN,NaN,NaN,-.000477352565428378,NaN,NaN,NaN,NaN,NaN,.021149489317111386,NaN,NaN,NaN,NaN,-24893446252276868e-21,NaN,NaN,NaN,NaN,NaN,NaN,NaN,NaN,NaN,NaN,NaN,NaN,NaN,NaN,NaN,.23897939776316415,-.0685237512907231,NaN,NaN,NaN,NaN,NaN,NaN,-.18186526726990582,NaN,NaN,NaN,-.000995436304870276,NaN,NaN,NaN,.0101801358920238,.09086637367046041,NaN,NaN,NaN,NaN,NaN,NaN
-.010641491246619743,NaN,NaN,NaN,NaN,-.04417219002592527,NaN,NaN,NaN,NaN,-.06468438868425819,NaN,-.14093905171622795,NaN,NaN,NaN,NaN,NaN,.2249283320519424,-.8451909193318896,NaN,NaN,-.001995917432382377,NaN,.056395624987147994,NaN,NaN,NaN,NaN,NaN,.06715643743472469,NaN,NaN,NaN,NaN,NaN,-.003987250321569267,NaN,NaN,.037463872268958594,-.0006000000000000001,NaN,NaN,NaN,NaN,-.00023266677650804355,NaN,NaN,-.008417347164967469,NaN,NaN,NaN,NaN,NaN,NaN,-.1130956604730584,NaN,NaN,NaN,NaN,NaN,NaN,NaN,NaN,NaN,NaN,-.010754960563926177,NaN,NaN,NaN,NaN,NaN,.31214045927423584,.5252620189635753,NaN,.24315070154398705,-.1044263775760507,NaN,.30400841027914094,NaN,-.0005292625751079512,NaN,-28549658195987026e-21,NaN,NaN,.012093206029258494,NaN,NaN,NaN,NaN,NaN,NaN,NaN,NaN,.005637878296450922,NaN,NaN,NaN,.3312629072975324,NaN
NaN,-6313218955505525e-20,NaN,NaN,NaN,NaN,NaN,NaN,NaN,NaN,NaN,-.00029289276502792247,NaN,NaN,NaN,-.0970147319960969,NaN,NaN,NaN,NaN,-.39836282901686376,NaN,NaN,NaN,NaN,NaN,NaN,NaN,NaN,NaN,NaN,NaN,NaN,.03702906522780965,NaN,NaN,NaN,NaN,NaN,-.05840189637799893,NaN,NaN,NaN,NaN,NaN,NaN,.07245665704663654,NaN,NaN,NaN,NaN,NaN,NaN,NaN,NaN,-.09146474689746664,-.0009719462587845368,NaN,NaN,NaN,-19540662133197876e-21,NaN,-5528340968849053e-20,-.003153776272450291,NaN,NaN,NaN,.07486733671552237,NaN,293909118929351e-19,NaN,-2823809439363129e-21,-.13132875431783955,-.06322113720929058,NaN,NaN,NaN,NaN,-.03605966918928185,-.15771680370839067,NaN,.01874187257005898,-40921600624230734e-21,NaN,NaN,NaN,NaN,NaN,NaN,.05762974649151642,NaN,-.0005024474284662381,NaN,NaN,NaN,NaN,NaN,NaN,-.010970182401886264,NaN
NaN,-4828169761334034e-20,NaN,-.0025598082597087027,NaN,NaN,NaN,NaN,NaN,NaN,NaN,NaN,NaN,-.7711804110787331,.30987076739079567,NaN,-.00010443410415785326,-.00013380891590898962,NaN,.5493607928291908,NaN,NaN,NaN,NaN,-.019290325064377375,.025046626879221337,NaN,.01805399716365083,NaN,NaN,NaN,NaN,NaN,NaN,NaN,.7515996295876471,NaN,NaN,NaN,NaN,NaN,.05967169087687339,NaN,NaN,NaN,NaN,NaN,-.03401382880705146,NaN,NaN,20099948508035005e-21,NaN,-.00044214477178499556,NaN,NaN,NaN,NaN,-.004184040117626831,NaN,-.01063612122786733,NaN,NaN,NaN,NaN,-.00010257841889115124,NaN,NaN,.048177177508069116,NaN,NaN,NaN,NaN,NaN,-.1013461006565933,.051643467706086466,NaN,-.09503303062720896,NaN,NaN,-.14041887873251652,NaN,NaN,NaN,.4101652566334002,NaN,NaN,.1987017597635184,NaN,NaN,NaN,.17812997974028194,-.00039519908976704194,NaN,NaN,NaN,NaN,NaN,.16766432913202844,NaN,NaN
NaN,NaN,NaN,NaN,NaN,NaN,.032603319990807594,NaN,NaN,NaN,NaN,-4005304746554134e-20,-.0701454143116805,NaN,NaN,NaN,NaN,-467347218608083e-19,NaN,-.3491942224805689,NaN,-.0001448067149570861,NaN,NaN,NaN,NaN,NaN,NaN,NaN,-.0028602918165979074,NaN,NaN,-4006016186831528e-20,-.01525682552218811,.044178280941862255,NaN,NaN,NaN,.4250660592347674,NaN,NaN,NaN,NaN,NaN,.1720108902417697,NaN,NaN,NaN,NaN,NaN,NaN,-.6727134044770855,NaN,NaN,-.004885411394544514,NaN,NaN,NaN,NaN,-.0020048277784091234,NaN,NaN,NaN,-.002,NaN,NaN,NaN,NaN,.0005554859322652823,NaN,.1227713592166632,-1192359682199298e-20,NaN,-.43719716020492694,NaN,NaN,NaN,-.0885128029753554,NaN,NaN,NaN,NaN,-29978462466470413e-21,NaN,-.3030246869808485,-.08797282949992255,NaN,NaN,NaN,NaN,NaN,NaN,-.006992343890083446,NaN,NaN,NaN,NaN,NaN,NaN,NaN
NaN,NaN,-.2515906833982252,NaN,-.11854412114314973,NaN,NaN,NaN,NaN,-.45838005971877865,NaN,NaN,NaN,NaN,NaN,NaN,-39999999999999996e-21,NaN,NaN,NaN,NaN,NaN,NaN,NaN,-.0750112621227006,NaN,NaN,NaN,NaN,NaN,NaN,NaN,-4004175196783656e-20,NaN,NaN,-.08846338760268424,-.0038480612134538256,-.002616203548344903,NaN,-.022193839424665057,NaN,NaN,NaN,NaN,NaN,NaN,NaN,NaN,NaN,-.00020042156389476126,NaN,NaN,NaN,NaN,-.0039389634445129934,NaN,NaN,NaN,NaN,NaN,NaN,NaN,NaN,NaN,NaN,NaN,-.008125956188644746,NaN,NaN,NaN,.12083041903953008,NaN,NaN,NaN,NaN,NaN,NaN,NaN,NaN,NaN,NaN,NaN,NaN,NaN,NaN,NaN,NaN,1.3216053636343899,-.0005459005640232138,NaN,NaN,NaN,NaN,NaN,-.004426283405239753,.15329623729872174,NaN,.3055470756896601,NaN,NaN
NaN,-20085262874611183e-21,NaN,-.1762785841366004,NaN,NaN,-.00693038250394119,NaN,NaN,NaN,NaN,NaN,NaN,NaN,NaN,NaN,NaN,NaN,NaN,NaN,NaN,NaN,NaN,-.003805502701329071,NaN,-.009105735932919443,NaN,NaN,NaN,-.00491409923443221,.05215864903831364,-.2190217405021332,NaN,NaN,NaN,NaN,NaN,NaN,NaN,NaN,NaN,NaN,NaN,NaN,NaN,-.00020097098656905583,-.0008221063713226336,NaN,-.0012914209083227056,NaN,-4031983525133461e-20,NaN,NaN,.17114718567092488,NaN,NaN,NaN,NaN,NaN,NaN,NaN,NaN,-19668687267644347e-21,NaN,-2977984316788786e-20,.39519665168060336,-.008179480149953991,-.0721098778665409,NaN,NaN,-.13530503316531653,NaN,NaN,NaN,-.16736924142236403,NaN,-.10263137989830683,NaN,NaN,NaN,NaN,-.0036045559085616974,NaN,NaN,NaN,NaN,-.178648228114248,-.06271166180471931,NaN,NaN,NaN,NaN,NaN,NaN,NaN,NaN,NaN,NaN,NaN,-.00025886237548408653
NaN,NaN,NaN,NaN,NaN,NaN,NaN,NaN,NaN,NaN,NaN,NaN,NaN,.09514862914190625,-.4429342936733981,NaN,-39999999999999996e-21,NaN,NaN,NaN,NaN,NaN,-.12193392126827071,NaN,NaN,NaN,NaN,.002399939616377587,NaN,-.004900306582465842,NaN,NaN,NaN,NaN,NaN,NaN,NaN,-.0010596450965368572,NaN,NaN,.0017303729121125224,NaN,-.04161593213195831,-1.6783146454919422,NaN,NaN,NaN,NaN,NaN,-.0002374691282195318,NaN,NaN,NaN,NaN,NaN,NaN,-.03295676427908301,-.0038894280839407366,NaN,NaN,NaN,NaN,NaN,NaN,NaN,NaN,NaN,NaN,NaN,-13692651052581943e-21,NaN,NaN,NaN,NaN,NaN,NaN,NaN,-.09930620948675511,NaN,NaN,NaN,NaN,NaN,NaN,NaN,NaN,NaN,NaN,NaN,NaN,-.042930151538349386,NaN,NaN,.10253752783233949,-.005978230296897043,NaN,NaN,NaN,NaN,NaN
NaN,NaN,.027939790800265527,NaN,NaN,NaN,NaN,-35262307497643446e-21,NaN,NaN,NaN,-.0002543167686416512,NaN,NaN,.05883840591400372,NaN,NaN,NaN,NaN,NaN,NaN,NaN,NaN,-.006009954120267754,NaN,NaN,NaN,NaN,-.0020386928424283622,NaN,NaN,NaN,NaN,NaN,NaN,NaN,NaN,-.0009600196039475269,NaN,NaN,NaN,NaN,NaN,NaN,NaN,NaN,NaN,NaN,NaN,NaN,-3936302327546873e-20,NaN,-.0008745764240719778,NaN,NaN,NaN,NaN,-.006466082543503697,NaN,NaN,-19999999999999998e-21,NaN,NaN,NaN,NaN,NaN,NaN,NaN,NaN,NaN,NaN,-9317473139754193e-22,NaN,NaN,-.21148551325495685,NaN,NaN,NaN,-.017729359548079963,NaN,NaN,NaN,NaN,NaN,NaN,NaN,NaN,1.7269016283903251,NaN,NaN,NaN,NaN,NaN,NaN,NaN,NaN,NaN,NaN,NaN,NaN
-.011205398515812063,NaN,NaN,NaN,NaN,NaN,-.002958364555714364,NaN,NaN,NaN,NaN,NaN,NaN,.12830973951705135,NaN,NaN,NaN,-2170594102479614e-20,NaN,-.3425315910503343,-.04242046203693319,-.00018477355636873017,NaN,NaN,NaN,NaN,NaN,NaN,NaN,.00125676702237037,NaN,NaN,NaN,NaN,-.32269168228212886,NaN,NaN,NaN,NaN,NaN,-.000599015060245421,-.03948202196660312,NaN,NaN,.018413100459533753,NaN,NaN,NaN,NaN,NaN,NaN,NaN,-.0004015907639102073,NaN,-.003532224758549911,NaN,-.002525277045589122,-.003885968286396381,NaN,NaN,NaN,NaN,-5209972165609921e-20,NaN,NaN,NaN,-.00819410209061002,NaN,-.000400000286075852,-25060796792164526e-21,NaN,NaN,NaN,NaN,NaN,NaN,-.13985178084034053,NaN,NaN,NaN,-.00020089613710770165,NaN,NaN,NaN,NaN,NaN,NaN,NaN,-.0011802108387789995,NaN,NaN,NaN,NaN,NaN,NaN,NaN,NaN,NaN,NaN,NaN
NaN,NaN,NaN,NaN,NaN,NaN,NaN,NaN,NaN,NaN,-.22133426788536498,NaN,NaN,NaN,NaN,NaN,NaN,NaN,NaN,NaN,NaN,NaN,NaN,NaN,-.11867077387977018,NaN,NaN,NaN,NaN,NaN,-.0367533637605224,NaN,NaN,NaN,-.04711313266273773,NaN,NaN,NaN,NaN,NaN,NaN,NaN,NaN,NaN,-.008692495352153069,NaN,NaN,-.10239653599672904,NaN,NaN,NaN,.6924882159516382,NaN,NaN,NaN,NaN,-.022929650513800786,NaN,NaN,NaN,NaN,-.029347473161174396,NaN,NaN,NaN,NaN,NaN,-.06527456878585668,NaN,NaN,-.18366225444816894,NaN,NaN,NaN,NaN,-.042126499733031154,NaN,NaN,-.028895692763668795,NaN,NaN,.0020137368352536405,NaN,NaN,.03855494589540453,NaN,.5033882666664158,-.06416856890776997,NaN,NaN,NaN,NaN,NaN,NaN,-.004287355916092226,NaN,-.00021905398160716738,-.06655706384532702,NaN,NaN
NaN,NaN,NaN,NaN,NaN,NaN,NaN,NaN,NaN,NaN,NaN,NaN,NaN,.09185906499163456,NaN,NaN,NaN,NaN,NaN,NaN,NaN,-39999999999999996e-21,NaN,NaN,NaN,NaN,NaN,-.008673407800013152,-.0008736081632515974,NaN,NaN,NaN,-5701651414836082e-20,-.013399524624249001,.18936202440135466,NaN,-.004299106719114654,NaN,NaN,NaN,NaN,NaN,NaN,NaN,.03370958032255343,NaN,NaN,NaN,-.0019354180356277702,NaN,NaN,NaN,NaN,NaN,NaN,NaN,NaN,NaN,NaN,NaN,NaN,NaN,NaN,-.0070275528247104365,NaN,-.08663845334065695,NaN,NaN,NaN,NaN,NaN,NaN,NaN,NaN,NaN,NaN,NaN,NaN,.25451728343813773,NaN,NaN,NaN,NaN,NaN,NaN,NaN,-.18159188820040592,NaN,NaN,NaN,NaN,-.0005423784993212915,NaN,-.12471460993136066,NaN,NaN,NaN,NaN,NaN,NaN
NaN,NaN,NaN,NaN,NaN,-.11621873883585375,NaN,-20656330649777916e-21,NaN,-.08094062050425746,NaN,-40067206849417634e-21,NaN,NaN,NaN,NaN,NaN,NaN,NaN,NaN,NaN,NaN,NaN,NaN,NaN,NaN,.1466797908426946,NaN,NaN,NaN,NaN,NaN,NaN,NaN,NaN,NaN,NaN,NaN,-.13348749446155103,NaN,-.00028526013234496064,NaN,NaN,-.1812025462532221,NaN,-.00034278751581177187,NaN,NaN,NaN,NaN,-3980827809633836e-20,NaN,NaN,NaN,NaN,NaN,NaN,NaN,NaN,NaN,NaN,NaN,NaN,NaN,NaN,NaN,NaN,NaN,NaN,-1691788316076521e-20,NaN,NaN,NaN,NaN,NaN,NaN,NaN,NaN,NaN,NaN,NaN,-.0035460052332196724,NaN,-.11007832320536268,NaN,.11871342684704657,NaN,NaN,NaN,NaN,NaN,NaN,-.008235739918340335,NaN,NaN,NaN,-.3900645506288008,NaN,NaN,NaN
NaN,NaN,NaN,.061744296738785315,NaN,NaN,NaN,-22723267270187514e-21,NaN,NaN,NaN,-.00020478933484923025,NaN,NaN,NaN,.25522862386281436,NaN,NaN,NaN,NaN,NaN,NaN,NaN,NaN,.39813248335989987,NaN,NaN,NaN,NaN,NaN,NaN,NaN,NaN,NaN,NaN,NaN,NaN,NaN,NaN,NaN,NaN,NaN,NaN,NaN,NaN,NaN,NaN,-.11065218223190032,NaN,-.00020042115198693795,NaN,NaN,NaN,NaN,NaN,-.1330956677242349,NaN,NaN,NaN,NaN,NaN,NaN,NaN,NaN,NaN,NaN,NaN,NaN,NaN,-44810590006895804e-21,NaN,NaN,NaN,NaN,NaN,NaN,NaN,NaN,NaN,-.13872210060419035,NaN,NaN,NaN,NaN,NaN,NaN,NaN,NaN,NaN,-.11006491646001523,NaN,NaN,NaN,NaN,NaN,-.007485331675204859,-.06546559422551544,NaN,-.3732901772656252,NaN
NaN,-20129068960338176e-21,-.0872381630224401,-.05826718505002483,NaN,NaN,-.006911633141452785,NaN,.01262866423592908,NaN,NaN,NaN,.11343713735618072,-.27146030989132086,NaN,NaN,NaN,NaN,NaN,NaN,NaN,-.0001710467766365589,NaN,NaN,.4990060371626755,NaN,NaN,NaN,-.0008764692788859873,NaN,NaN,NaN,NaN,-.01524137114018688,.02723195303974813,NaN,NaN,NaN,NaN,-.038586326102596887,NaN,NaN,NaN,.10989385501629029,NaN,NaN,NaN,NaN,NaN,NaN,NaN,NaN,NaN,NaN,NaN,NaN,NaN,NaN,NaN,NaN,NaN,NaN,NaN,NaN,NaN,NaN,.023697111141774176,.06715712828964923,-.0003993744556857197,NaN,NaN,-39993278570550975e-22,NaN,NaN,NaN,NaN,NaN,-.09905090145000267,NaN,NaN,NaN,NaN,NaN,NaN,NaN,NaN,NaN,.6654108230265057,NaN,NaN,NaN,NaN,NaN,-.11732756873099594,NaN,NaN,-.06656713984563782,NaN,NaN,-.0002557505224038578
NaN,-9436611981454168e-20,-.09032936001415261,NaN,NaN,NaN,.009971189892449678,NaN,NaN,NaN,NaN,NaN,NaN,NaN,NaN,-.08609080329839024,NaN,NaN,NaN,NaN,NaN,NaN,NaN,NaN,NaN,NaN,NaN,NaN,NaN,NaN,NaN,NaN,NaN,NaN,NaN,-.06865040899706555,NaN,NaN,NaN,NaN,NaN,NaN,NaN,NaN,NaN,NaN,NaN,NaN,NaN,NaN,NaN,NaN,NaN,NaN,-.004963668581222686,NaN,NaN,NaN,NaN,NaN,NaN,NaN,NaN,NaN,NaN,NaN,NaN,NaN,-.0003996468017484025,NaN,NaN,NaN,NaN,NaN,-.09624620270395058,NaN,-.012435304079730064,NaN,NaN,NaN,NaN,NaN,-29975104041265237e-21,.32797354279494445,NaN,-.08737690832918117,NaN,NaN,NaN,-.013879058173966355,NaN,-.00024206249528170343,-.006963108206272474,NaN,NaN,NaN,NaN,NaN,NaN,NaN
NaN,NaN,NaN,NaN,NaN,-.0475000841839498,NaN,-19976413969977418e-21,NaN,NaN,NaN,NaN,NaN,NaN,NaN,NaN,NaN,NaN,NaN,NaN,NaN,NaN,NaN,-.00275823426838859,NaN,NaN,NaN,NaN,NaN,NaN,-.037333036861234604,-.2018505694324635,NaN,NaN,.42158610390979984,NaN,NaN,NaN,NaN,NaN,NaN,-.016456842793619784,NaN,NaN,NaN,-.0004498400783633447,NaN,NaN,NaN,NaN,NaN,NaN,-.0004001018769498644,-.12026786934274744,-.006832605655202251,NaN,NaN,NaN,.0303505365540295,-.002498939067462294,NaN,-.003102069728198379,NaN,-.003153458816015406,-19999999999999998e-21,NaN,NaN,.074149744206335,NaN,NaN,-.049212883892312265,NaN,NaN,NaN,NaN,NaN,NaN,NaN,NaN,.02325561986205421,NaN,NaN,NaN,NaN,-.023265433504296947,-.0017643817627517877,NaN,NaN,NaN,-.10871557355285787,NaN,NaN,NaN,NaN,-.0024355627460430364,NaN,NaN,NaN,NaN,NaN
NaN,NaN,.21592529321739917,NaN,NaN,-.5549819468775606,.0152401530804246,736260251241071e-20,NaN,-.12516604079753935,NaN,NaN,NaN,NaN,NaN,NaN,NaN,-5081699589378203e-20,NaN,-.018224623662531053,-.5009786377754326,-.0001947130393390874,NaN,NaN,NaN,NaN,NaN,NaN,NaN,NaN,NaN,NaN,NaN,NaN,NaN,NaN,NaN,NaN,NaN,.04438456206082434,NaN,-.03947596121379841,NaN,-.6898548995763198,NaN,-.0008323853693489675,NaN,NaN,NaN,-.00013768616709859644,NaN,NaN,NaN,NaN,-.0008038770486898448,NaN,NaN,.00012280535914025456,NaN,NaN,-20013888255465976e-21,-.013634811629397992,-2003235546178733e-20,NaN,NaN,NaN,NaN,NaN,NaN,NaN,NaN,-10383579462672658e-21,NaN,NaN,NaN,NaN,.15049421986941766,NaN,NaN,NaN,NaN,NaN,6987682592320042e-21,NaN,NaN,NaN,NaN,NaN,NaN,NaN,-.026241812869799534,NaN,NaN,NaN,-.0034786232234290237,NaN,NaN,NaN,NaN,NaN
.05368201316679255,NaN,NaN,.012010949095408216,NaN,NaN,NaN,NaN,NaN,NaN,NaN,NaN,-.07387042395138697,NaN,NaN,NaN,NaN,-.00014340152821934514,NaN,NaN,-.043909428343805734,NaN,NaN,NaN,NaN,NaN,NaN,NaN,NaN,NaN,.08531345772532573,NaN,NaN,NaN,NaN,NaN,NaN,-.001482946281486088,NaN,NaN,NaN,NaN,-.04161179643509989,NaN,NaN,NaN,NaN,NaN,NaN,-.00021116805573167,NaN,-.03360523449534382,NaN,NaN,NaN,-.3602886090835997,-.05877035599777135,NaN,NaN,NaN,NaN,.042965854472012996,-6732714819283385e-20,NaN,NaN,-.0766582799630452,NaN,NaN,.000895155397146657,NaN,NaN,NaN,NaN,NaN,-.07004272941030576,NaN,NaN,NaN,NaN,.07378084073545316,NaN,NaN,NaN,-.5544413923680349,NaN,NaN,NaN,NaN,NaN,NaN,NaN,NaN,.05370801080537032,.10651323336018434,NaN,.2884158995133814,NaN,NaN,NaN,-.0002554412667782595
-.011080665311002987,NaN,NaN,NaN,-.11799842623564863,-.21532396395756537,NaN,NaN,-.07107977591156713,-.11947115395970456,NaN,NaN,NaN,-.12078764712203555,-.02723601728478673,-.08651168631660823,NaN,NaN,-.03602902364562711,NaN,NaN,-.00022260114275141676,NaN,NaN,NaN,.0015884720703160746,-.11002362115681187,NaN,NaN,3946940438768771e-20,NaN,NaN,NaN,NaN,NaN,NaN,-.014984065983780766,NaN,-.1306408469744607,NaN,.0011768944161955899,NaN,NaN,NaN,NaN,NaN,NaN,-.11277461369985228,NaN,NaN,NaN,NaN,NaN,NaN,NaN,NaN,NaN,NaN,NaN,NaN,-2352433087072631e-20,.05097277661232798,NaN,NaN,NaN,NaN,.0244250897773741,-.07033357693176738,NaN,NaN,NaN,NaN,NaN,NaN,NaN,NaN,NaN,NaN,NaN,NaN,NaN,NaN,NaN,-.05326911773250324,NaN,NaN,NaN,NaN,-.0012666236536893502,NaN,NaN,NaN,NaN,NaN,NaN,NaN,NaN,-.06718988857069133,NaN,NaN
NaN,NaN,.23106046112056872,NaN,-.35517570725369796,-2.030486456453207,NaN,-9137501594767252e-21,-.06212734267889567,NaN,-.00839102623584994,NaN,.17511322942888585,NaN,-.05503651159487469,.15011143828062465,NaN,NaN,-.035425649652479956,NaN,NaN,NaN,-.006262129192212536,NaN,-.27114579608798806,NaN,NaN,NaN,NaN,NaN,NaN,NaN,NaN,.06112095772797531,NaN,NaN,NaN,NaN,-.1274530313592761,NaN,NaN,NaN,-.04161179643509989,NaN,NaN,-.0007759902576459678,-.006923242701133074,.3833156575437597,-.0012905796681274544,NaN,NaN,-.033664420213227464,-.0010493535251868344,NaN,-.007814547427260642,NaN,NaN,NaN,NaN,-.002,-14810412397867204e-21,NaN,NaN,NaN,-20037147146725002e-21,-.5589086262406604,NaN,NaN,.0018575330318595215,NaN,NaN,-13880389498235412e-21,NaN,NaN,NaN,NaN,NaN,NaN,NaN,NaN,NaN,.012777472541969741,NaN,NaN,NaN,-.10708709936456154,NaN,-.24597337417899345,NaN,.041540545008535656,NaN,-.0005362629074367053,.029131432836429952,-.009902172763243136,NaN,NaN,NaN,-.12257809748990414,.5244521075768402,NaN
NaN,NaN,NaN,-.2115371307281056,-.10711263517738179,NaN,NaN,NaN,NaN,NaN,NaN,NaN,NaN,.09111741939992114,NaN,NaN,NaN,NaN,NaN,NaN,NaN,NaN,NaN,NaN,NaN,NaN,-.10806674920830858,NaN,NaN,NaN,NaN,-.7806256667509879,-4019888694988706e-20,NaN,NaN,NaN,NaN,-.00294519198928156,NaN,NaN,NaN,NaN,.04246498505997433,NaN,NaN,NaN,NaN,NaN,NaN,NaN,NaN,NaN,NaN,NaN,NaN,NaN,.06450005540028383,NaN,NaN,NaN,NaN,NaN,NaN,NaN,NaN,-.34170153782572865,NaN,NaN,NaN,NaN,NaN,NaN,NaN,NaN,NaN,NaN,-.21351880064744902,NaN,NaN,NaN,NaN,NaN,NaN,NaN,NaN,-.08759224888133674,NaN,-.06471545485366755,NaN,NaN,NaN,NaN,NaN,-.11719769124412611,-.005981241065559535,NaN,NaN,NaN,NaN,NaN
NaN,NaN,-.11531463188282712,NaN,-.14039252702574315,NaN,NaN,NaN,-.07069676319833766,NaN,NaN,NaN,NaN,NaN,NaN,NaN,-.0001038226862330475,NaN,NaN,NaN,-.17207792789839246,NaN,NaN,-.004442429557822075,NaN,NaN,NaN,.0033686816852438986,NaN,NaN,NaN,NaN,NaN,NaN,NaN,NaN,.011854679244095402,NaN,NaN,NaN,NaN,NaN,NaN,-.4050196298507914,NaN,NaN,NaN,NaN,-.0034875686428899643,NaN,NaN,NaN,NaN,.23551762516345873,NaN,NaN,NaN,NaN,.09451902895016243,NaN,NaN,NaN,NaN,NaN,NaN,NaN,NaN,NaN,NaN,-6245463052330975e-20,-.3813446085916375,NaN,-.13303339402372483,NaN,NaN,NaN,NaN,-.017250735113649038,NaN,NaN,NaN,NaN,-42843613352156834e-22,NaN,NaN,NaN,.6818507078790204,NaN,NaN,NaN,NaN,NaN,NaN,NaN,NaN,-.16457297046829186,NaN,NaN,NaN,-.0003338045719374601
NaN,-.00011019194502051878,NaN,NaN,NaN,NaN,NaN,NaN,NaN,NaN,NaN,NaN,-.5834555567006531,NaN,NaN,NaN,-7354941811367488e-20,NaN,NaN,NaN,NaN,NaN,NaN,NaN,NaN,NaN,NaN,NaN,NaN,-.003818025287349684,NaN,NaN,NaN,NaN,NaN,NaN,NaN,NaN,NaN,NaN,NaN,-.0068291892295262585,-.041358247258548884,NaN,NaN,NaN,NaN,NaN,NaN,NaN,NaN,NaN,NaN,NaN,.0005112034222735625,NaN,NaN,.0006574876745363049,NaN,NaN,NaN,NaN,NaN,NaN,-2640268087480899e-20,NaN,NaN,NaN,NaN,NaN,NaN,NaN,-1.380579604315912,NaN,NaN,NaN,NaN,NaN,NaN,NaN,NaN,NaN,-4283225582471342e-22,NaN,NaN,NaN,NaN,NaN,NaN,NaN,NaN,-.0006823128510789014,NaN,.19177414627026163,NaN,NaN,NaN,NaN,-.7165921337050637,-.00034494327257166934
NaN,-.00010646904434901033,NaN,NaN,-.266002351273678,NaN,NaN,NaN,-.5748385122711108,-.28830602743196926,NaN,NaN,NaN,NaN,NaN,.10822769307477115,NaN,NaN,-.036176828085007426,.11453189483307169,NaN,NaN,NaN,NaN,NaN,NaN,-.11027826370643372,NaN,NaN,NaN,.027881919177146476,NaN,NaN,.02349218206460245,NaN,-.08812651781599654,NaN,NaN,-.08367465893579087,.04043096496187689,NaN,.057345846670083606,NaN,NaN,NaN,NaN,-.006885432950318672,NaN,NaN,NaN,NaN,.06354701001455544,NaN,NaN,NaN,NaN,NaN,NaN,NaN,NaN,NaN,NaN,NaN,NaN,NaN,-.08747401821784971,NaN,-.05673756588475333,NaN,NaN,NaN,NaN,NaN,NaN,NaN,NaN,NaN,NaN,NaN,.07773422697810739,-.00022298022638602086,NaN,NaN,NaN,NaN,NaN,NaN,NaN,-.007508802422382102,NaN,-.03097261223697437,NaN,NaN,NaN,NaN,NaN,NaN,NaN,NaN,NaN
.07782173353495271,NaN,NaN,NaN,NaN,NaN,NaN,NaN,NaN,NaN,NaN,NaN,NaN,NaN,NaN,.01335545773580378,NaN,-7777309694925142e-20,NaN,NaN,NaN,NaN,NaN,NaN,NaN,NaN,-.11026918382672796,NaN,NaN,-.002746852719403188,NaN,NaN,NaN,NaN,NaN,NaN,NaN,NaN,NaN,NaN,NaN,-.0026486062553796597,NaN,NaN,NaN,NaN,NaN,.07241665145341927,NaN,NaN,NaN,1.0325918992019,NaN,NaN,NaN,NaN,NaN,NaN,.09454957838468328,NaN,NaN,-.0203460687954864,NaN,NaN,NaN,NaN,NaN,NaN,NaN,NaN,NaN,NaN,NaN,NaN,NaN,-.04253231561726859,NaN,NaN,NaN,NaN,-2e-4,NaN,NaN,NaN,NaN,NaN,NaN,NaN,NaN,NaN,-.06089747452882348,NaN,NaN,NaN,-.0023646010332183647,NaN,NaN,NaN,NaN,NaN
.008170097593846458,NaN,NaN,.09548710856618656,NaN,NaN,NaN,NaN,-.28652531464389785,NaN,NaN,NaN,NaN,NaN,NaN,-.040095287028759835,NaN,NaN,NaN,NaN,NaN,NaN,NaN,-.0011080010467710336,NaN,-.013330616636871788,-.050481607587722736,NaN,NaN,NaN,NaN,NaN,NaN,NaN,NaN,NaN,NaN,NaN,.2365628188509351,NaN,NaN,NaN,.14677003405600192,NaN,NaN,NaN,NaN,NaN,NaN,NaN,-29027178653782657e-21,NaN,NaN,-.5570745954041864,NaN,NaN,.03414184088464251,NaN,NaN,NaN,-15492234342542103e-21,.021530892293554836,-486741028469171e-19,NaN,NaN,NaN,NaN,NaN,.0018809648602371276,NaN,NaN,NaN,NaN,.18403627367258932,NaN,-.04275082237119285,NaN,-.02031902726570145,NaN,NaN,NaN,NaN,NaN,NaN,-.03101745166748621,NaN,.02667688923175962,NaN,NaN,NaN,NaN,NaN,NaN,NaN,NaN,NaN,.1485483178868684,-.5289998884580249,-.2280170546868421,NaN
NaN,-5465479763536692e-20,NaN,NaN,NaN,NaN,NaN,NaN,-.3493766092078264,NaN,NaN,NaN,-.18510659493629375,NaN,NaN,NaN,NaN,NaN,-.11825595753372482,NaN,NaN,-9419645735551229e-20,NaN,NaN,NaN,NaN,NaN,.15216700589586038,NaN,NaN,NaN,-.12292928163215427,-.0002277188252493514,NaN,NaN,.47413006318910855,.003068182277358892,NaN,NaN,NaN,NaN,NaN,NaN,NaN,NaN,NaN,NaN,NaN,NaN,NaN,NaN,NaN,NaN,NaN,NaN,-.054599336499709314,NaN,NaN,NaN,NaN,NaN,.021403453242656134,NaN,NaN,NaN,NaN,NaN,NaN,NaN,NaN,NaN,NaN,NaN,NaN,.4299113887789339,-.02560229047454606,NaN,NaN,-.0854337311312411,NaN,NaN,NaN,NaN,.872179094469318,NaN,NaN,NaN,NaN,NaN,NaN,NaN,-.00027827876870940117,NaN,NaN,NaN,NaN,.4105514432226366,-.2830711749914676,NaN,-.00010114543877228304
NaN,NaN,-.3861469239751439,NaN,-.03098022734100296,NaN,NaN,NaN,NaN,NaN,.39510507631273883,NaN,NaN,NaN,-.957363813907685,NaN,NaN,NaN,NaN,NaN,NaN,-.0001106713741931384,NaN,NaN,NaN,-.006928372614369584,NaN,NaN,NaN,NaN,NaN,NaN,NaN,NaN,.1819214128204085,NaN,NaN,NaN,NaN,NaN,NaN,NaN,NaN,.48952493747772724,NaN,NaN,NaN,NaN,NaN,NaN,NaN,NaN,NaN,NaN,NaN,NaN,NaN,-.0022729328464291283,-.07038545817166802,NaN,NaN,NaN,NaN,NaN,NaN,NaN,NaN,NaN,NaN,NaN,NaN,-11305248287499977e-21,NaN,NaN,NaN,NaN,NaN,NaN,NaN,NaN,-.0007212474205205482,-.004790149684239962,NaN,-.5685204935196759,-.18273525202613164,NaN,NaN,NaN,NaN,-.574719825603857,NaN,NaN,NaN,NaN,NaN,NaN,-.21008440785982502,NaN,NaN,NaN
NaN,NaN,NaN,NaN,NaN,NaN,NaN,NaN,NaN,NaN,NaN,NaN,NaN,NaN,NaN,NaN,NaN,NaN,NaN,NaN,NaN,NaN,NaN,.00022643072659349773,NaN,-.0026416691893647844,NaN,NaN,-.006176369369036213,NaN,.03721986412313689,NaN,NaN,NaN,NaN,NaN,-.02490048078192552,NaN,.14742447874029424,NaN,NaN,NaN,NaN,-.5697325027252236,NaN,-.000620572764201,NaN,NaN,-.0025303705895204035,NaN,-29697309595534834e-22,NaN,-.0014530961876738882,NaN,NaN,NaN,NaN,NaN,NaN,NaN,NaN,NaN,-5926922917610355e-20,-.007413997501038402,NaN,NaN,NaN,NaN,NaN,NaN,NaN,-31813676393887138e-22,NaN,.569623253959985,-.1234860844757035,.0038153482431653174,NaN,NaN,.09306781590442767,-.012442761570238825,NaN,NaN,-20579484121852233e-21,NaN,NaN,NaN,NaN,NaN,NaN,NaN,NaN,NaN,NaN,NaN,NaN,NaN,NaN,-.25978462086125864,NaN,NaN
NaN,NaN,NaN,NaN,NaN,NaN,NaN,-33518318074435144e-21,NaN,NaN,NaN,NaN,NaN,NaN,NaN,NaN,NaN,NaN,.1944029161606718,-.2675918535413164,.08929789162503438,NaN,NaN,NaN,NaN,NaN,NaN,NaN,NaN,NaN,NaN,NaN,-7383182874977104e-20,.047538487451640646,NaN,NaN,NaN,NaN,NaN,NaN,.0010705637853105578,NaN,NaN,NaN,NaN,NaN,NaN,NaN,NaN,NaN,NaN,-.20219358666708281,-.0014852961825124722,NaN,NaN,.014348019520026234,.008058355629783055,NaN,NaN,NaN,NaN,NaN,NaN,-.0034489289759961203,NaN,NaN,NaN,NaN,NaN,NaN,-.40057627594648315,NaN,NaN,NaN,NaN,NaN,NaN,-.17117643860870635,NaN,NaN,NaN,NaN,NaN,NaN,NaN,NaN,-.26274104203114557,NaN,-.0017463034089976659,NaN,.007336198803777637,-.0004013551891610749,NaN,NaN,NaN,NaN,NaN,NaN,NaN,-.00017616916296983928
NaN,NaN,NaN,NaN,NaN,NaN,NaN,NaN,NaN,NaN,NaN,NaN,NaN,NaN,NaN,NaN,NaN,NaN,NaN,NaN,NaN,-.00021375628770746154,NaN,NaN,NaN,-.025538529552770545,NaN,NaN,NaN,NaN,-.011958550241469329,NaN,NaN,NaN,.3832551205182092,NaN,NaN,NaN,NaN,NaN,NaN,NaN,NaN,NaN,NaN,NaN,-.0035016942470984845,NaN,NaN,NaN,NaN,-.27833374317034276,-.0020343994287454455,NaN,NaN,NaN,NaN,NaN,.06002105569015972,-.0022803095925072077,NaN,-.010833157096812202,NaN,NaN,-9563211187538364e-20,.7151428135940786,NaN,NaN,NaN,NaN,NaN,NaN,NaN,-.2796578495767368,NaN,NaN,NaN,NaN,NaN,NaN,NaN,NaN,NaN,NaN,NaN,NaN,NaN,NaN,NaN,NaN,NaN,NaN,NaN,NaN,.011751664392446836,-.13554709948629373,NaN,NaN,NaN,NaN
-.011206492294536272,NaN,NaN,NaN,NaN,NaN,NaN,NaN,NaN,NaN,-.17267055124783665,NaN,NaN,NaN,NaN,NaN,NaN,-40001773195878985e-21,NaN,NaN,NaN,NaN,NaN,NaN,NaN,NaN,NaN,.09109246538232985,NaN,.00776123219865206,NaN,NaN,NaN,-.007095442237363005,NaN,.6237577831307749,NaN,NaN,NaN,NaN,NaN,.2224183239592331,.20746075064409947,NaN,NaN,NaN,NaN,NaN,NaN,NaN,-3999929429162435e-20,NaN,NaN,NaN,NaN,NaN,NaN,NaN,-.1029078534821374,NaN,NaN,NaN,NaN,NaN,NaN,NaN,NaN,NaN,.0006216466181242978,-24768914035476746e-21,NaN,NaN,NaN,NaN,NaN,NaN,-.12483398973102662,NaN,NaN,NaN,NaN,NaN,NaN,NaN,NaN,NaN,NaN,NaN,NaN,-.11091717900524392,NaN,NaN,-.0069993161578391985,NaN,NaN,NaN,NaN,NaN,-.010847480206725458,NaN
NaN,NaN,.4711098133995094,NaN,NaN,NaN,NaN,-2919967219260007e-20,NaN,NaN,NaN,NaN,.08796232969379084,NaN,-.0040991582097052275,NaN,-.00021561749822449362,NaN,NaN,NaN,NaN,NaN,.08144136727690982,NaN,NaN,NaN,-.10812978013438064,.0021201715135658245,NaN,NaN,NaN,NaN,NaN,NaN,NaN,NaN,NaN,NaN,-.06805903564829213,NaN,NaN,NaN,NaN,NaN,NaN,NaN,-.043061819407997165,NaN,NaN,-.00019812311319076853,28616594587318168e-21,NaN,NaN,NaN,NaN,NaN,NaN,NaN,NaN,NaN,-7624091850153316e-21,NaN,-4498496001877262e-20,NaN,NaN,NaN,NaN,NaN,NaN,NaN,NaN,NaN,-.08276436720471561,NaN,NaN,-.04430867108816792,NaN,NaN,-.19961957658589682,NaN,NaN,NaN,NaN,1.6367870019467023,NaN,NaN,NaN,NaN,NaN,NaN,-.04420423751261224,NaN,NaN,NaN,NaN,NaN,NaN,NaN,NaN,-.00012666104412468684
NaN,-.00011636781513048909,NaN,NaN,NaN,NaN,-.006904632515566357,-32056016904355804e-21,NaN,NaN,NaN,-.00016479491673641148,NaN,NaN,NaN,NaN,NaN,NaN,NaN,NaN,NaN,NaN,NaN,NaN,NaN,NaN,NaN,NaN,-.00529659539981229,NaN,NaN,-.2002866297962591,NaN,NaN,NaN,NaN,NaN,NaN,.17944447343323988,NaN,NaN,NaN,NaN,-.15133240082835495,.07784352793788307,-.00034976155548511426,NaN,NaN,-.0012989814330764769,-30182338304624023e-21,6076129567550591e-21,NaN,NaN,NaN,NaN,-.02646556822417835,NaN,-.003351820866867558,.09434904655982884,NaN,NaN,NaN,NaN,NaN,NaN,NaN,-.008128164131430353,NaN,NaN,NaN,NaN,NaN,NaN,.45952986018498143,-.6700777339782094,NaN,NaN,NaN,NaN,-.08982191583309124,-.0008941215250486773,NaN,NaN,NaN,NaN,-.07695443178685013,1.0842484939620072,-1.1213430737666665,NaN,NaN,NaN,NaN,NaN,.04146401165375552,NaN,NaN,NaN,NaN,NaN,NaN
NaN,NaN,NaN,NaN,NaN,NaN,.028808285813084457,NaN,NaN,-.10943560072354969,NaN,-4031046217695825e-20,NaN,.24352544198975856,NaN,NaN,NaN,NaN,-.03569843180441056,NaN,NaN,NaN,.01959655951338706,NaN,NaN,.043765715923803544,NaN,NaN,-.0008805252828572817,NaN,NaN,-.19671203103201032,-4020880448388191e-20,NaN,NaN,-.08976881286449426,NaN,-.00106720661948245,NaN,-.038724875311632254,NaN,NaN,NaN,NaN,.01857712241496707,NaN,NaN,-.11332074093999328,NaN,-.00028709323632621585,NaN,NaN,NaN,-.26533690015664463,NaN,NaN,NaN,NaN,.14240374256689498,-.006477701140014918,NaN,NaN,NaN,-.002007386706009011,-2009022404166758e-20,NaN,-.0015206963215713487,NaN,NaN,NaN,NaN,NaN,-.14736372819037857,NaN,NaN,.11120955777164192,NaN,NaN,NaN,NaN,NaN,NaN,-3288440054934325e-20,NaN,NaN,NaN,NaN,.09521054081667502,NaN,-.33569738335892574,NaN,NaN,NaN,NaN,NaN,-.1333252108519536,NaN,NaN,-.10145863185396145,NaN
NaN,NaN,NaN,NaN,NaN,NaN,NaN,NaN,-.023656276940772505,NaN,-.0529350283763613,-.00010869049872087705,NaN,NaN,NaN,NaN,NaN,NaN,-.06338225474359649,NaN,NaN,NaN,NaN,NaN,NaN,NaN,NaN,NaN,NaN,NaN,NaN,NaN,-.0001187169212415161,NaN,NaN,-.0037138035096915822,NaN,NaN,NaN,NaN,NaN,NaN,NaN,NaN,NaN,NaN,NaN,NaN,-.002282864969155688,NaN,NaN,-.371562155132099,NaN,NaN,NaN,NaN,NaN,NaN,NaN,NaN,NaN,.005515448219700094,NaN,NaN,NaN,NaN,NaN,NaN,.0004197683520967808,NaN,NaN,-1815019864282688e-21,NaN,NaN,NaN,.12317076719597343,NaN,NaN,NaN,NaN,NaN,NaN,NaN,NaN,NaN,NaN,.37779820341815723,NaN,-.0012634140699195769,NaN,.1253686022881138,NaN,.05162136235933762,NaN,.006011310867407048,NaN,NaN,NaN,NaN,NaN
NaN,NaN,NaN,.21176762930457513,NaN,NaN,.04792661009524833,4768242901925959e-21,NaN,NaN,.03335462132138445,NaN,NaN,NaN,NaN,NaN,-7967506954240233e-20,NaN,NaN,NaN,-.34659014188425186,NaN,NaN,NaN,-.16286071979312797,NaN,.14766553298265134,NaN,-.0052295033453445845,NaN,NaN,-.6155517842696263,NaN,NaN,NaN,NaN,NaN,NaN,NaN,NaN,NaN,NaN,NaN,.19994742372601954,.011681801049846187,NaN,-.0025964100316853483,-.6001459452820492,NaN,NaN,NaN,NaN,NaN,NaN,NaN,NaN,NaN,NaN,NaN,NaN,NaN,NaN,NaN,NaN,NaN,NaN,NaN,NaN,NaN,NaN,NaN,NaN,-1.0839082095382988,NaN,NaN,NaN,NaN,NaN,NaN,NaN,NaN,NaN,NaN,NaN,NaN,NaN,NaN,NaN,-.003284314325668179,NaN,.0113755381773816,NaN,NaN,NaN,NaN,-.063662455303947,-.002163834901348319,NaN,NaN,-.000209175470870376
.014249804583953309,NaN,NaN,NaN,NaN,NaN,NaN,NaN,NaN,NaN,NaN,NaN,NaN,NaN,NaN,NaN,-.0002768312287181366,NaN,-.023986112757590217,NaN,NaN,-3618095655735293e-20,NaN,-.004386583998885185,NaN,NaN,NaN,NaN,NaN,NaN,.14118056983761948,NaN,NaN,NaN,NaN,NaN,-.002035972165178304,NaN,NaN,NaN,.0009818704069318141,.04228878279011061,.0135770872267078,NaN,NaN,NaN,NaN,NaN,NaN,NaN,NaN,-.0569317916044152,NaN,NaN,NaN,NaN,NaN,-.0032771668405692156,NaN,-.002,NaN,NaN,NaN,-.003785440524739314,NaN,NaN,NaN,NaN,NaN,NaN,NaN,NaN,NaN,NaN,NaN,NaN,NaN,NaN,-.3070677861111999,NaN,NaN,NaN,NaN,NaN,NaN,NaN,NaN,NaN,NaN,NaN,NaN,NaN,NaN,NaN,NaN,NaN,NaN,-.5961166177912105,NaN,NaN
NaN,NaN,NaN,NaN,NaN,NaN,NaN,NaN,NaN,NaN,NaN,-.0001812154387586915,NaN,.12847340857916686,NaN,.16003232454416896,NaN,NaN,NaN,NaN,-.03554511352892787,NaN,NaN,NaN,NaN,NaN,NaN,-.013249159456372778,-.005188937404917569,NaN,NaN,-.8369563392337465,NaN,.03458042858280303,NaN,NaN,NaN,NaN,NaN,NaN,NaN,NaN,NaN,NaN,NaN,NaN,NaN,NaN,NaN,NaN,NaN,NaN,-.0015539145101631483,-.12103937185180379,NaN,NaN,NaN,NaN,NaN,NaN,NaN,NaN,NaN,NaN,NaN,.5517103095483139,.017230710797087705,NaN,.0008117258532547862,NaN,NaN,NaN,-.5026222538958562,NaN,NaN,NaN,NaN,NaN,NaN,NaN,NaN,NaN,-9813118069888524e-21,NaN,NaN,NaN,NaN,NaN,NaN,NaN,NaN,NaN,NaN,NaN,NaN,-.40311098179149324,NaN,-.5282712356437556,NaN,NaN
NaN,NaN,NaN,NaN,NaN,NaN,.03207074535194123,NaN,NaN,-.08003153518218051,NaN,NaN,NaN,NaN,NaN,NaN,NaN,NaN,NaN,.2930664952329625,NaN,NaN,.01673524789156667,-.0016858965958570817,NaN,NaN,NaN,NaN,NaN,NaN,NaN,NaN,NaN,NaN,NaN,NaN,-.019876517416184417,NaN,NaN,-.01674980937144758,NaN,NaN,NaN,NaN,NaN,NaN,.00956064436709781,NaN,NaN,NaN,NaN,NaN,NaN,NaN,-.00372729857114739,NaN,NaN,NaN,.06355211976829914,NaN,NaN,NaN,NaN,-.005703490901296537,-.00011839610821696925,NaN,NaN,NaN,NaN,-14707999902342756e-21,-.34960208639728096,-12378017669363347e-21,NaN,NaN,NaN,NaN,NaN,NaN,NaN,NaN,-.00014408816820071823,NaN,NaN,NaN,-.17751517290995839,NaN,NaN,NaN,NaN,NaN,NaN,NaN,NaN,NaN,NaN,-.4155040773493718,NaN,NaN,-.017090297691801315,NaN
NaN,NaN,NaN,.054619433475363466,.4266660310423622,NaN,NaN,NaN,NaN,NaN,NaN,NaN,.20491506521417932,NaN,NaN,.12033860854636835,NaN,NaN,NaN,NaN,NaN,NaN,-.21419959599795477,NaN,NaN,NaN,NaN,.04389400331456418,NaN,NaN,.0504176836036909,NaN,-.00035893660496197225,NaN,NaN,NaN,NaN,-.0010665570357582482,NaN,NaN,NaN,NaN,NaN,NaN,NaN,NaN,NaN,NaN,NaN,NaN,NaN,NaN,NaN,-.12039742194962115,NaN,NaN,NaN,NaN,NaN,-.011019933603238708,NaN,NaN,NaN,NaN,-927915815843079e-19,NaN,NaN,NaN,NaN,NaN,NaN,NaN,NaN,NaN,NaN,.12003487061968372,NaN,NaN,NaN,NaN,NaN,NaN,NaN,NaN,NaN,NaN,NaN,NaN,NaN,NaN,NaN,NaN,NaN,NaN,NaN,NaN,.04750714405445279,NaN,NaN,NaN
NaN,NaN,NaN,NaN,-.019607803629910756,NaN,NaN,NaN,NaN,NaN,NaN,NaN,.30974443659776485,NaN,NaN,NaN,-.00032464913151467734,-902381244034244e-19,NaN,1.5020278114292256,NaN,NaN,NaN,NaN,NaN,NaN,NaN,.0024550013093891225,NaN,.010067806539520576,NaN,NaN,NaN,NaN,.06098563783460879,NaN,NaN,-.004300521659471612,NaN,NaN,NaN,NaN,NaN,NaN,NaN,-.0007514821878098538,NaN,NaN,NaN,NaN,NaN,NaN,NaN,NaN,NaN,NaN,NaN,NaN,NaN,NaN,NaN,NaN,NaN,NaN,NaN,NaN,NaN,NaN,NaN,NaN,NaN,NaN,NaN,NaN,NaN,NaN,NaN,NaN,NaN,-.9818569238085634,NaN,NaN,NaN,NaN,NaN,NaN,NaN,NaN,NaN,NaN,NaN,NaN,NaN,NaN,NaN,-.005658267288432907,NaN,NaN,NaN,NaN
.01933003515418378,-.00010243674651312996,-.30824015257949655,NaN,NaN,.4998094481533464,NaN,NaN,.03287033020355895,NaN,NaN,NaN,NaN,NaN,NaN,NaN,NaN,NaN,-.21543911385770254,NaN,.056713399104445235,NaN,NaN,NaN,.419596067139179,NaN,NaN,NaN,NaN,.007787875850571365,NaN,NaN,NaN,NaN,NaN,NaN,NaN,NaN,NaN,NaN,-.0002977122075686458,NaN,NaN,NaN,.050705934059752406,NaN,.06205363774580746,.1417569281491587,NaN,NaN,NaN,NaN,-.001055537961657884,-.3578252703767192,-.002635047549655215,NaN,NaN,NaN,NaN,NaN,-196505773156125e-19,NaN,-4639483571928925e-20,NaN,NaN,NaN,NaN,.21795060461435165,NaN,NaN,NaN,NaN,NaN,NaN,NaN,NaN,NaN,NaN,NaN,NaN,-.00037996316710541754,-.0035920440087899705,NaN,NaN,NaN,NaN,NaN,NaN,-.005153662102976692,NaN,NaN,NaN,.03225276504960008,NaN,NaN,NaN,-.24405381242252208,NaN,NaN,NaN
NaN,NaN,NaN,NaN,NaN,NaN,NaN,NaN,NaN,NaN,NaN,NaN,NaN,NaN,.0015558750416266517,NaN,NaN,-2664575149939351e-20,NaN,NaN,NaN,NaN,NaN,NaN,NaN,NaN,NaN,NaN,NaN,NaN,NaN,NaN,NaN,.06972678718322435,NaN,NaN,NaN,-.0012467913341073318,NaN,NaN,NaN,NaN,NaN,-.6735063384596439,NaN,-.0009368887957579933,NaN,NaN,NaN,NaN,NaN,NaN,NaN,NaN,NaN,NaN,NaN,.0020535775667044,NaN,NaN,NaN,NaN,NaN,NaN,NaN,NaN,NaN,NaN,NaN,-10179460559909963e-21,-.04819958732869328,NaN,-.4862088632004667,NaN,.11060219624276052,NaN,NaN,NaN,NaN,NaN,NaN,NaN,NaN,-.3454074575332049,.09530744774257838,NaN,NaN,NaN,NaN,NaN,NaN,NaN,NaN,NaN,NaN,NaN,NaN,NaN,NaN,NaN
NaN,NaN,NaN,NaN,NaN,.3852456720434158,NaN,NaN,NaN,NaN,NaN,NaN,NaN,NaN,NaN,NaN,-4074152125187134e-20,NaN,NaN,NaN,NaN,NaN,-.14693636175937708,NaN,NaN,NaN,-.1270971477968644,NaN,-.0008862952844998582,NaN,NaN,NaN,NaN,NaN,NaN,-.8800890778989106,NaN,NaN,NaN,NaN,NaN,NaN,.05533048129245577,NaN,NaN,NaN,-.006459877853672339,NaN,-.0033676289938929784,NaN,NaN,NaN,NaN,NaN,NaN,NaN,NaN,NaN,.0945575507562569,-.004679444946721869,-4008673237706143e-20,NaN,NaN,NaN,-6555846907180402e-20,NaN,-.011160574126622216,NaN,NaN,NaN,NaN,NaN,-.13442362169486255,NaN,NaN,NaN,NaN,-.09435320970143736,NaN,.10751427135146241,-.001333928178063157,-.0016657114089199206,NaN,NaN,-.09452554841955244,.08771365706750732,NaN,NaN,NaN,NaN,NaN,NaN,NaN,NaN,NaN,NaN,NaN,NaN,NaN,NaN
NaN,NaN,NaN,NaN,NaN,NaN,NaN,NaN,NaN,-.2837809407296267,-.048047357923171184,NaN,NaN,NaN,NaN,NaN,NaN,NaN,NaN,NaN,NaN,NaN,-.005816145616025291,NaN,.10273797555482193,.017577084230955078,NaN,NaN,NaN,NaN,NaN,-.998962031058753,-.0002026074505108984,NaN,NaN,NaN,NaN,-.001067246501611268,NaN,NaN,NaN,.21114100111296302,NaN,NaN,-.07694481435112878,NaN,NaN,NaN,-.005305448055812775,NaN,NaN,NaN,NaN,NaN,NaN,-.12966879573599288,-.007959181592379003,NaN,NaN,-.00200863978033635,NaN,NaN,NaN,NaN,NaN,NaN,NaN,-.023415258514123648,NaN,NaN,NaN,NaN,NaN,-.1238956357652709,-.27118215246802724,NaN,.03510704595553704,-.27651192169572564,NaN,NaN,-.00020097289970849754,.015155772683651338,NaN,.18641178151068605,NaN,NaN,NaN,NaN,-.006344574156803001,-.007667784079201767,.005419506231938875,NaN,-.004400225721037362,NaN,NaN,NaN,NaN,NaN,NaN,NaN
NaN,NaN,NaN,NaN,NaN,.866065118239152,NaN,NaN,-.00046929139892416816,-.17400606897600768,NaN,NaN,NaN,-.14483481041130364,.06618030616865239,NaN,NaN,NaN,NaN,.1538098370152649,NaN,NaN,NaN,.0030883919259237563,NaN,NaN,.12477991310053492,NaN,NaN,NaN,NaN,NaN,NaN,NaN,-.5070495177229603,NaN,-.015517604336929988,NaN,.20368175444327674,-.03777955757452146,NaN,NaN,NaN,NaN,NaN,NaN,NaN,.12808258498658479,NaN,NaN,-385233064375064e-19,NaN,NaN,NaN,NaN,.018338258734959062,NaN,NaN,NaN,NaN,NaN,NaN,NaN,NaN,NaN,NaN,NaN,NaN,NaN,-8302785859599416e-21,-.053353451598605925,NaN,NaN,-.20645366835043383,NaN,NaN,NaN,-.08676336867260098,.07153648587405419,NaN,NaN,NaN,NaN,NaN,.04052564035000487,NaN,NaN,NaN,NaN,NaN,NaN,NaN,NaN,-.19464047763796344,NaN,NaN,NaN,NaN,NaN,-.00015026891255740137
NaN,NaN,NaN,NaN,.2966292316015665,NaN,NaN,NaN,NaN,NaN,NaN,NaN,NaN,NaN,NaN,NaN,NaN,-7035322774696099e-20,NaN,NaN,-.31360178160715263,NaN,NaN,-.007099514853817853,NaN,NaN,NaN,NaN,NaN,NaN,NaN,-.20200033149159197,NaN,NaN,NaN,NaN,NaN,NaN,NaN,.044878919830000315,NaN,NaN,NaN,NaN,.01827201381292909,NaN,NaN,NaN,NaN,NaN,NaN,NaN,NaN,-.27114614349927374,NaN,NaN,-.027331185752643383,NaN,NaN,NaN,NaN,NaN,NaN,NaN,NaN,.03130200749355937,NaN,NaN,NaN,NaN,NaN,NaN,NaN,NaN,NaN,NaN,NaN,NaN,NaN,NaN,NaN,NaN,NaN,NaN,NaN,NaN,NaN,NaN,NaN,.40288314850442697,NaN,-.0006970078101023615,NaN,NaN,NaN,NaN,NaN,NaN,-.061264398340466056,NaN
.09579588545067559,NaN,NaN,-.05737559895291802,NaN,NaN,NaN,NaN,NaN,NaN,-.05293014082940266,-40400090034256613e-21,NaN,NaN,-.2708005471922755,NaN,NaN,NaN,NaN,NaN,NaN,NaN,NaN,NaN,NaN,-.019106027025409443,NaN,NaN,NaN,NaN,NaN,NaN,NaN,NaN,NaN,-.08836576726616989,NaN,NaN,NaN,NaN,-.0005658985535327231,NaN,NaN,NaN,NaN,NaN,NaN,NaN,NaN,-8495607127537746e-20,NaN,NaN,NaN,-.12181640955717545,NaN,NaN,NaN,NaN,NaN,NaN,NaN,NaN,-56376191649910985e-21,-.006349977626811888,NaN,.506629271721096,NaN,NaN,NaN,NaN,NaN,NaN,NaN,NaN,NaN,NaN,NaN,NaN,NaN,NaN,NaN,.00020363570272782143,NaN,NaN,NaN,-.7332568208955215,.2216865663226843,-3.207221134133763,NaN,NaN,NaN,-.00048403304804947144,NaN,NaN,NaN,NaN,NaN,NaN,NaN,NaN
