NaN,NaN,NaN,NaN,NaN,NaN,NaN,NaN,NaN,NaN,.22185908259485598,NaN,NaN,NaN,NaN,NaN,NaN,NaN,NaN,.11219372512410193,NaN,NaN,NaN,NaN,NaN,NaN,NaN,NaN,NaN,NaN,NaN,NaN,NaN,NaN,NaN,NaN,NaN,NaN,NaN,.044982965618303936,.0924217452021598,NaN,NaN,NaN,NaN,.2169089837329759,NaN,NaN,NaN,NaN,NaN,NaN,.12954825712678994,NaN,NaN,NaN,NaN,NaN,NaN,-.2532153473261761,NaN,NaN,NaN,.2088236078127932,NaN,NaN,NaN,-.266526307855317,NaN,.10373946055694963,NaN,NaN,.1136267488388475,NaN,NaN,.2733368009438455,NaN,NaN,-.18092760762880183,NaN,NaN,NaN,NaN,NaN,NaN,NaN,NaN,NaN,NaN,.058041431132360974,.09903687674609785,NaN,NaN,NaN,NaN,NaN,NaN,.026348598464598284,NaN,NaN
NaN,NaN,NaN,NaN,NaN,NaN,NaN,-.07238427867502423,NaN,NaN,NaN,NaN,NaN,-.011708580761396678,NaN,-.2535583202761997,NaN,NaN,NaN,NaN,NaN,.6593543771583672,NaN,NaN,-.017440261489685388,NaN,NaN,NaN,NaN,NaN,-.1386919942015616,-.1835808810266591,-.018251402963632632,-.019770932906862007,NaN,.015282786396810057,NaN,NaN,.019512789123681755,NaN,NaN,NaN,NaN,NaN,NaN,NaN,NaN,-.0064644749180682234,NaN,NaN,NaN,NaN,NaN,-.02454649778543397,-.041166226214631285,NaN,NaN,-.036452647001549696,NaN,NaN,.10790594225712469,NaN,-.05725414357713528,NaN,NaN,NaN,NaN,NaN,NaN,NaN,NaN,NaN,NaN,NaN,-.07505223854032672,NaN,NaN,-.030502840886786314,NaN,-.05381295542113551,NaN,NaN,23557480412331476e-21,NaN,NaN,NaN,NaN,-.017819936664537947,NaN,NaN,NaN,NaN,NaN,NaN,NaN,NaN,NaN,NaN,NaN,-.003694029582535549
NaN,NaN,NaN,NaN,NaN,-.4356770125187664,NaN,NaN,NaN,NaN,.004097588006253539,NaN,NaN,NaN,NaN,NaN,NaN,NaN,NaN,NaN,NaN,NaN,-.7820102147050072,NaN,NaN,NaN,NaN,NaN,-.27326972086808177,NaN,NaN,NaN,NaN,-.0014860372499335417,NaN,NaN,NaN,NaN,NaN,NaN,.010441274188403085,NaN,NaN,NaN,-.021849302992657277,NaN,NaN,NaN,NaN,NaN,NaN,NaN,NaN,NaN,NaN,NaN,NaN,-.01663032198086785,.011027398672709021,-.27845188336388355,-.10239653117552627,NaN,NaN,NaN,NaN,NaN,NaN,NaN,NaN,-.23904758793841696,.019912180916228914,NaN,.023210243987909055,NaN,NaN,NaN,NaN,NaN,-.315671496517563,NaN,.0024414940765078164,NaN,NaN,NaN,NaN,-.010307196476835423,NaN,NaN,NaN,NaN,NaN,NaN,-.07825949678756185,NaN,NaN,-.5376972178411334,NaN,NaN,NaN,NaN
.3572065169993158,NaN,NaN,NaN,NaN,NaN,NaN,NaN,NaN,.11113161863622692,NaN,NaN,NaN,NaN,NaN,NaN,NaN,NaN,.26393572879925653,NaN,1.0890195958509965,NaN,NaN,.3585727537889698,NaN,NaN,.3406222017737255,NaN,NaN,NaN,NaN,NaN,NaN,NaN,.3252330858045323,NaN,NaN,NaN,NaN,NaN,NaN,NaN,NaN,NaN,NaN,NaN,NaN,NaN,NaN,NaN,.319751658790357,NaN,NaN,.30663531000622146,NaN,NaN,NaN,NaN,NaN,NaN,.781600821237511,NaN,NaN,NaN,NaN,.38693693335395407,NaN,NaN,NaN,.7715427469975595,NaN,.5895261211054796,NaN,NaN,NaN,NaN,NaN,NaN,NaN,NaN,NaN,NaN,NaN,NaN,NaN,NaN,NaN,.3221429857448768,-.3628456166524323,.1063382470299683,NaN,NaN,NaN,.4477998813623073,NaN,NaN,.49283909049620434,NaN,NaN,NaN
NaN,NaN,.10854422785815171,NaN,NaN,-.15043581120050584,-.3638049427688709,.10792921807221442,.07112626757724165,.008140377873321725,NaN,NaN,NaN,NaN,NaN,NaN,NaN,NaN,NaN,NaN,NaN,NaN,NaN,NaN,NaN,NaN,NaN,NaN,NaN,NaN,-.08394843164494187,.053033123547632066,NaN,NaN,NaN,NaN,NaN,-.11979980529271815,NaN,NaN,.02251564477650396,NaN,.11840419974101243,NaN,NaN,NaN,NaN,NaN,NaN,NaN,NaN,NaN,NaN,NaN,NaN,NaN,NaN,NaN,.06664815955223172,NaN,NaN,NaN,NaN,NaN,-.05847838052251399,NaN,NaN,NaN,.0445406975282099,NaN,NaN,-.1535575651877751,NaN,NaN,NaN,NaN,NaN,.03545780542641566,NaN,-.15359888143794187,NaN,NaN,NaN,NaN,NaN,NaN,NaN,.0627396914396121,NaN,NaN,NaN,NaN,NaN,NaN,NaN,NaN,NaN,NaN,NaN,NaN
NaN,NaN,.35976203201074963,NaN,.2525063398317708,NaN,.19894086270849173,NaN,NaN,NaN,NaN,NaN,NaN,.18529693219220023,-.06381483600648973,NaN,.18395822106171433,NaN,NaN,NaN,NaN,NaN,NaN,NaN,NaN,.14191880748255406,NaN,NaN,NaN,NaN,.17152577923195475,NaN,.2976560448823028,NaN,NaN,NaN,NaN,NaN,NaN,NaN,NaN,NaN,.351710245631054,1.0298201124859039,NaN,.21691512447077765,.21413330387063162,NaN,NaN,NaN,NaN,NaN,NaN,NaN,NaN,NaN,NaN,NaN,NaN,.712658222091224,NaN,.26958137004879584,NaN,NaN,NaN,NaN,NaN,.5823537161349799,NaN,NaN,.16408856719403905,NaN,NaN,NaN,NaN,1.144017210741436,.1897830372135965,NaN,NaN,NaN,NaN,NaN,NaN,NaN,NaN,NaN,NaN,NaN,.6328365410724544,.08716670863030727,NaN,NaN,NaN,NaN,.162834415595718,NaN,NaN,NaN,NaN,NaN
.2994772104927908,NaN,NaN,NaN,NaN,NaN,NaN,.2956014105379245,NaN,NaN,NaN,.10421175376684888,.26572279677094557,NaN,NaN,NaN,NaN,NaN,NaN,NaN,NaN,NaN,NaN,NaN,NaN,.13489550273006323,.29324373567028506,NaN,-.1759465247296392,.40420682887468107,NaN,NaN,NaN,NaN,NaN,.13075859053022865,NaN,1.1030868114609675,NaN,NaN,NaN,NaN,.33235837171619304,1.2850732758088117,NaN,NaN,NaN,NaN,NaN,NaN,NaN,NaN,NaN,NaN,NaN,NaN,.256797045234624,NaN,.13932894031508278,.36944843837965846,NaN,NaN,NaN,NaN,NaN,NaN,NaN,.618162703088258,.31814001991810936,NaN,.12885507312500133,.3261409235746157,NaN,NaN,NaN,NaN,NaN,NaN,NaN,NaN,NaN,.030749313151033464,NaN,.2716553393387209,NaN,NaN,NaN,NaN,NaN,NaN,.1395382120911108,.3047988451639167,NaN,.22305901199432668,NaN,.4693866731064437,NaN,NaN,NaN,NaN
-.0010201917234981817,NaN,NaN,.00474139559823656,-.03583800003383027,NaN,NaN,NaN,NaN,-.3618006520884839,NaN,NaN,NaN,NaN,NaN,-.12138542730625318,NaN,NaN,.02769303211926477,NaN,NaN,NaN,NaN,-.002367879473202772,-.041752338321351085,NaN,NaN,NaN,NaN,NaN,NaN,NaN,NaN,-.058123008471098817,NaN,.01761226957741295,-.04567320760058802,NaN,NaN,NaN,NaN,NaN,NaN,.09465620147008447,-.03766323318454602,-.014555988716195706,-.022278988468273905,NaN,NaN,NaN,NaN,-.016666096652299733,NaN,NaN,NaN,NaN,NaN,NaN,.003458838717381174,NaN,.058012867594918444,-.05750051884763524,-.046448861317914106,NaN,NaN,NaN,NaN,NaN,NaN,NaN,NaN,NaN,NaN,-.033574730195095465,NaN,NaN,NaN,NaN,NaN,NaN,NaN,.00333842213370103,NaN,NaN,.047570217228697725,NaN,NaN,NaN,-.38066925461830325,NaN,NaN,-.015903247600981302,NaN,NaN,NaN,NaN,NaN,NaN,NaN,NaN
NaN,NaN,NaN,.07507222848429707,NaN,NaN,NaN,NaN,NaN,-.12802905204055504,NaN,NaN,NaN,NaN,NaN,NaN,NaN,-.20245047583167758,NaN,NaN,NaN,-.7491750714450611,NaN,NaN,NaN,NaN,.008786319558487618,.0008299961561473446,NaN,NaN,NaN,NaN,NaN,NaN,NaN,NaN,-.1365891978514271,NaN,.06233055183494889,NaN,.030607885311271663,NaN,NaN,NaN,NaN,NaN,NaN,NaN,.058413994871881134,-.02057154096916057,.00504136160783937,NaN,NaN,NaN,NaN,.025936238491020037,NaN,NaN,NaN,NaN,NaN,-.059590286421178,NaN,NaN,-.07201940658707215,NaN,NaN,NaN,NaN,NaN,NaN,NaN,NaN,.037741756452328856,NaN,-.6767459326553155,NaN,-.036389828582831574,NaN,NaN,.04723531756540578,.0200504040603608,NaN,.02971982503323381,NaN,NaN,NaN,NaN,-.5673416733795524,NaN,NaN,NaN,NaN,NaN,NaN,NaN,NaN,NaN,.05233072501965895,NaN
NaN,NaN,.030221699825019183,-.039048235771141616,-.028663980278171616,NaN,.40868912470739593,NaN,NaN,NaN,-.08590563550922724,NaN,NaN,NaN,NaN,-.5950123568513732,NaN,NaN,NaN,.024439284281210557,-.37588822229955476,NaN,NaN,NaN,NaN,-.04342530712194004,NaN,-.06089251717779624,-.47531333954424404,NaN,NaN,NaN,NaN,NaN,NaN,NaN,NaN,NaN,-.044373653176072225,NaN,NaN,NaN,NaN,.15786731331127815,NaN,-.16291076736731314,-.08207520686207904,.05048372386626174,NaN,NaN,NaN,NaN,NaN,NaN,-.17178666825247682,NaN,NaN,NaN,NaN,NaN,NaN,-.09800044778641197,NaN,NaN,NaN,NaN,NaN,NaN,NaN,-.16661906225400053,NaN,NaN,NaN,NaN,NaN,NaN,NaN,-.10905848554886471,NaN,NaN,-.11219321080534694,NaN,28237505151900216e-21,NaN,NaN,-.10608780065118317,.07458067643969338,NaN,NaN,NaN,NaN,NaN,NaN,-.21101334075085434,-.039085561722480774,NaN,NaN,NaN,NaN,NaN
NaN,NaN,NaN,.10689270894363015,NaN,NaN,NaN,NaN,NaN,.28372753026169284,NaN,.08533365173442523,.18375190509048947,NaN,.6632923879361629,NaN,NaN,NaN,NaN,NaN,.7466601408248906,NaN,NaN,NaN,NaN,NaN,NaN,NaN,.5170609693901652,NaN,NaN,.34333397107016855,NaN,NaN,.14471457608618216,NaN,NaN,NaN,NaN,NaN,NaN,NaN,NaN,NaN,.15833514715254438,.25209895162257706,.12891212265156524,NaN,NaN,NaN,NaN,.2680910336860958,.21929864783551115,NaN,NaN,NaN,.1877969135332687,NaN,NaN,NaN,NaN,NaN,NaN,.17968864795945516,NaN,.2903320824508253,NaN,NaN,NaN,NaN,NaN,NaN,NaN,NaN,NaN,NaN,NaN,NaN,NaN,NaN,.12641381245529,NaN,.00026254897545197606,NaN,NaN,NaN,NaN,NaN,NaN,NaN,NaN,NaN,NaN,NaN,NaN,NaN,NaN,NaN,.12933391975328645,.24616423928265924
.3098394650847337,.2514737893833764,.18550377484230723,NaN,NaN,NaN,NaN,.24990452513912315,NaN,NaN,NaN,.09444279607877767,NaN,NaN,NaN,NaN,NaN,NaN,NaN,.11286074377036003,NaN,NaN,.6841919285670661,NaN,NaN,NaN,NaN,NaN,NaN,NaN,NaN,NaN,NaN,NaN,NaN,NaN,NaN,NaN,NaN,NaN,NaN,.12358054196572037,NaN,NaN,NaN,NaN,NaN,NaN,.22035142621662096,NaN,.2731678270061829,NaN,NaN,NaN,NaN,.059979642616366305,.2275700750390591,NaN,NaN,NaN,NaN,NaN,NaN,NaN,.23290221996621896,NaN,.11373111560144804,NaN,NaN,NaN,NaN,NaN,NaN,NaN,NaN,NaN,NaN,NaN,NaN,NaN,NaN,NaN,NaN,NaN,NaN,NaN,.5772108649000289,NaN,NaN,NaN,NaN,NaN,NaN,NaN,.12113462934357098,.9350423572303856,NaN,NaN,NaN,NaN
NaN,.2605380079046452,NaN,NaN,NaN,-.3628447553090046,NaN,NaN,.1660570021434058,NaN,NaN,NaN,NaN,NaN,.11335004326166995,NaN,NaN,-.20144888033718045,NaN,NaN,NaN,NaN,-.5141037265438583,NaN,.3132034593427584,NaN,NaN,NaN,.24705855612135982,NaN,.11060553034248735,.27532464240617044,.2600735539781005,NaN,.2792958348171087,NaN,NaN,NaN,.19306111044501265,NaN,NaN,NaN,NaN,NaN,NaN,NaN,NaN,NaN,NaN,NaN,NaN,.2777724868083755,NaN,NaN,NaN,NaN,NaN,NaN,NaN,NaN,NaN,NaN,NaN,NaN,NaN,NaN,NaN,NaN,NaN,NaN,NaN,NaN,NaN,NaN,NaN,-.28113284852394155,.19960239268971405,NaN,NaN,NaN,NaN,NaN,NaN,NaN,NaN,.2446181597858058,NaN,NaN,NaN,NaN,NaN,.2619491333763607,.14816501130578535,NaN,NaN,.0030625936156319644,.28873020098603813,NaN,NaN,.28642982031842623
NaN,NaN,-.12454864747559291,NaN,-.14742634773272575,NaN,NaN,NaN,NaN,NaN,-.5271024075202129,NaN,NaN,NaN,NaN,NaN,-.26325617251926614,NaN,-.08447246076545921,NaN,-1.3664302963475508,NaN,NaN,NaN,NaN,NaN,NaN,NaN,NaN,NaN,NaN,NaN,NaN,-.1920813263422801,-.23719153201354226,-.0023777491954264547,-.18435897686207434,NaN,NaN,NaN,NaN,-.07064091863009857,NaN,NaN,NaN,NaN,NaN,-.0020409695575634504,NaN,NaN,NaN,NaN,NaN,-.21110594579361797,NaN,NaN,-.16677991838461292,NaN,-.03030827867822447,NaN,NaN,-.25926975287491727,NaN,NaN,-.09390243351484064,NaN,NaN,NaN,NaN,NaN,-.06859737196140149,NaN,NaN,NaN,NaN,NaN,NaN,-.2177301438091241,NaN,-.33245896949636966,NaN,NaN,NaN,NaN,NaN,-.21439814995505793,NaN,NaN,.10688603103104544,NaN,NaN,NaN,-.6158348042834048,NaN,NaN,NaN,NaN,NaN,NaN,-.2541399533335432
.13715634956984918,NaN,NaN,NaN,NaN,NaN,NaN,NaN,.07847185816505185,NaN,.12959460908450482,NaN,NaN,NaN,NaN,NaN,.12800163501646766,NaN,NaN,NaN,NaN,NaN,-.024936692854630182,.1549939405286369,NaN,NaN,NaN,.18277093950255524,NaN,NaN,NaN,NaN,NaN,.09072888916802092,.1249258976919347,NaN,NaN,NaN,NaN,NaN,NaN,NaN,NaN,NaN,.0977807177560132,NaN,NaN,NaN,.12480023070475611,.11115231049376384,NaN,.14887644877614792,NaN,.10061573820090494,.08725268006401857,NaN,NaN,NaN,NaN,NaN,NaN,NaN,NaN,.1464471413759938,NaN,NaN,NaN,NaN,NaN,NaN,NaN,NaN,NaN,.11817464534985683,NaN,NaN,NaN,NaN,NaN,NaN,NaN,NaN,NaN,NaN,.14329956066394445,NaN,NaN,NaN,NaN,NaN,NaN,NaN,.16135048878606317,NaN,NaN,NaN,NaN,NaN,NaN,.1535654180932991
NaN,NaN,NaN,NaN,NaN,-.05439933650760356,NaN,-.07056585113291615,.025863522452499656,NaN,NaN,NaN,NaN,NaN,NaN,NaN,NaN,NaN,NaN,NaN,NaN,NaN,NaN,NaN,NaN,NaN,NaN,NaN,NaN,NaN,NaN,NaN,NaN,NaN,NaN,.028097884347734102,NaN,NaN,NaN,NaN,NaN,NaN,NaN,NaN,NaN,NaN,NaN,.04422022825964639,NaN,NaN,NaN,NaN,NaN,-.12170791481097179,-.18853453914189172,NaN,NaN,NaN,NaN,NaN,NaN,NaN,-.31296679641866687,NaN,NaN,NaN,NaN,NaN,NaN,NaN,NaN,NaN,.020342763089967502,NaN,-.10220215062442992,.5052365066083865,NaN,NaN,-.1903966986142931,.09271359716485264,-.1546907184128031,NaN,34992827251340556e-21,NaN,NaN,NaN,.07372738235345663,NaN,.3444598659222877,NaN,NaN,NaN,NaN,-.1890123797035907,NaN,NaN,NaN,NaN,-.05322851120840205,NaN
NaN,-.01117953012417884,-.014001606970537261,NaN,NaN,NaN,NaN,NaN,NaN,NaN,NaN,NaN,NaN,-.009899637199579328,NaN,NaN,NaN,NaN,NaN,.023331589095276186,NaN,NaN,NaN,NaN,NaN,.03418084256377085,NaN,-.009569797290602755,NaN,NaN,NaN,.03489684982798241,NaN,NaN,NaN,NaN,.0010038920161225817,NaN,NaN,NaN,NaN,NaN,NaN,NaN,NaN,NaN,NaN,NaN,NaN,NaN,NaN,NaN,-.003129791496062198,NaN,NaN,NaN,-.01391271199911212,NaN,NaN,NaN,NaN,NaN,NaN,.004951982412283978,NaN,NaN,NaN,-.04556510801517452,NaN,NaN,.03079680432161215,NaN,.019059782092615867,NaN,NaN,NaN,NaN,NaN,NaN,NaN,NaN,NaN,NaN,NaN,NaN,NaN,.23509141402818168,NaN,NaN,.02022103506255571,NaN,NaN,NaN,NaN,NaN,NaN,NaN,NaN,-.02138494154080048,NaN
NaN,NaN,NaN,NaN,NaN,NaN,NaN,NaN,NaN,-.5487372176855885,NaN,NaN,NaN,NaN,-.4884827010289575,NaN,-.08381032028662992,NaN,NaN,NaN,NaN,NaN,NaN,NaN,-.16308154753808332,NaN,-.07167837633209087,NaN,-.989551681023881,NaN,-.3898991204134997,NaN,NaN,NaN,NaN,NaN,NaN,NaN,NaN,-.13598416846582137,NaN,NaN,NaN,NaN,NaN,-.18778443696983135,NaN,.0744110604064885,-.03079479315934326,NaN,NaN,NaN,NaN,NaN,-.1388451445462894,NaN,NaN,NaN,NaN,NaN,NaN,NaN,-.4004168973655575,NaN,-.030892162847487623,NaN,.044726536057577745,-.8348489243558661,NaN,NaN,NaN,NaN,NaN,NaN,NaN,NaN,NaN,NaN,NaN,NaN,-.11655225622725894,NaN,NaN,NaN,NaN,NaN,-.9429038183244074,NaN,NaN,NaN,NaN,NaN,-.2779650407155976,NaN,NaN,NaN,NaN,.014083146999705342,NaN,NaN
NaN,NaN,NaN,.1490152037255719,NaN,NaN,.2758996676290326,NaN,.13830096429751604,NaN,NaN,.10613298802776211,.21274188391586227,NaN,NaN,NaN,NaN,NaN,NaN,NaN,NaN,NaN,NaN,.3057146793600604,NaN,.13335881843782446,NaN,NaN,NaN,.3656642894398757,.4772302252587487,NaN,NaN,NaN,NaN,NaN,NaN,.6366671702444896,NaN,NaN,.2729065272465695,.1670672914954024,.2980267036966233,NaN,NaN,NaN,NaN,NaN,NaN,.30470290666363054,.3086923824418717,NaN,NaN,.25725521679993546,NaN,.07362402608504158,NaN,.24875569157887006,NaN,NaN,NaN,.3375639724644432,NaN,NaN,.2544879051962361,.30210195464083944,.12570244661403032,NaN,.29337759660253626,NaN,.12504812401776566,.3166730289069517,NaN,NaN,NaN,NaN,NaN,NaN,NaN,NaN,.2658831463635556,NaN,.0003303245485075429,.27328773455735544,NaN,NaN,NaN,NaN,NaN,.07649014997932765,.15468655661107494,NaN,.1846307430348455,NaN,NaN,NaN,NaN,.03181530370280173,NaN,NaN
NaN,NaN,NaN,NaN,NaN,NaN,.06073465459575489,NaN,NaN,NaN,NaN,NaN,-.09414240430456854,NaN,NaN,NaN,NaN,NaN,NaN,NaN,NaN,NaN,NaN,NaN,NaN,NaN,NaN,NaN,NaN,NaN,NaN,-.06943192907499754,NaN,NaN,NaN,NaN,NaN,-.2840378889457168,NaN,NaN,NaN,NaN,NaN,.17573331550854873,NaN,NaN,NaN,NaN,NaN,NaN,-.06430778177056551,NaN,-.09916477406064397,NaN,NaN,-.01376528222356583,NaN,NaN,NaN,-.1567237541735235,NaN,NaN,-.039475314536341455,-.08116882785877705,NaN,NaN,NaN,NaN,-.07204484398549019,-.19695847231510843,NaN,NaN,-.01579351342472872,NaN,NaN,NaN,-.1142980278515077,NaN,NaN,NaN,NaN,-.003625765644289221,NaN,NaN,-.14098572324060615,NaN,NaN,NaN,NaN,NaN,NaN,NaN,NaN,NaN,NaN,NaN,NaN,NaN,NaN,NaN
NaN,NaN,NaN,NaN,NaN,NaN,NaN,NaN,NaN,NaN,NaN,NaN,NaN,NaN,NaN,NaN,.04352942904578713,NaN,NaN,NaN,NaN,.036141139275591205,NaN,.12041790278440694,.15437540081371812,NaN,NaN,.09415625130624303,NaN,.18451427765834247,NaN,NaN,NaN,NaN,NaN,NaN,NaN,NaN,NaN,.1434988885364713,NaN,.06835681079709835,NaN,NaN,NaN,NaN,.09418894825424837,.10687617324135172,.11315236080395698,NaN,NaN,.17514117780127458,.21662818338112502,.038182857325759434,NaN,NaN,.13044103895166784,NaN,NaN,NaN,NaN,NaN,-.041017177236275154,NaN,NaN,.16527883472071167,NaN,NaN,NaN,.6358219087117211,NaN,NaN,NaN,.12358591053372958,.0374936988278913,NaN,NaN,NaN,NaN,1.0721094290674584,NaN,NaN,NaN,NaN,NaN,NaN,NaN,NaN,.27441587972947123,NaN,NaN,NaN,NaN,NaN,NaN,NaN,NaN,NaN,.08469037593121186,NaN
NaN,-.09822632519588677,NaN,NaN,NaN,NaN,NaN,NaN,NaN,NaN,NaN,NaN,NaN,NaN,NaN,NaN,NaN,-.14706578514765886,NaN,NaN,NaN,NaN,NaN,NaN,NaN,NaN,NaN,-.09491992821970457,-.1732408413389216,NaN,-.12223603261443067,NaN,NaN,-.12295646761720222,NaN,NaN,NaN,-.11915989742305404,NaN,NaN,NaN,NaN,NaN,-.12166159320246793,-.12295785640799489,NaN,NaN,NaN,-.09823656704440076,NaN,NaN,NaN,-.1234984542900504,NaN,NaN,-.01995436841018485,NaN,NaN,NaN,NaN,-.162228461900883,NaN,NaN,NaN,-.12320443798869773,NaN,-.014356840337532853,NaN,NaN,-.1533290332478142,-.02792688402261725,-.13800379770585203,NaN,NaN,NaN,NaN,NaN,-.12313394010655426,NaN,NaN,NaN,NaN,NaN,NaN,NaN,NaN,-.13953903407027748,NaN,NaN,NaN,-.023890574942116518,NaN,NaN,NaN,NaN,NaN,NaN,NaN,NaN,NaN
NaN,NaN,NaN,.023648459405711954,.01563241413253605,.1567593145361607,NaN,-.004233449370453057,NaN,NaN,NaN,NaN,NaN,NaN,NaN,-.15832950646506652,NaN,.05454176901898242,NaN,NaN,.054186766663415875,NaN,NaN,NaN,NaN,NaN,NaN,NaN,-.14884384094408443,NaN,NaN,-.04059949358855153,NaN,NaN,NaN,NaN,NaN,NaN,NaN,NaN,NaN,NaN,NaN,NaN,.02789227372284793,.05191526904340868,NaN,NaN,.0663233623978816,NaN,NaN,NaN,.02352241858081236,NaN,NaN,NaN,.03677575926532334,NaN,.020530574862511815,NaN,NaN,NaN,NaN,NaN,NaN,NaN,.03876817890328775,NaN,NaN,NaN,NaN,NaN,NaN,.06491841568577814,NaN,NaN,-.06866902004160914,NaN,-.04023673957879993,NaN,NaN,.008723545138074855,NaN,NaN,-.014800163880869577,NaN,NaN,NaN,NaN,NaN,NaN,NaN,NaN,-.012187687181553719,NaN,NaN,.1401022403555206,.007775285375814466,NaN,NaN
NaN,-.043498309979208595,NaN,-.002488654008518852,NaN,NaN,NaN,-.04318853332534077,NaN,NaN,NaN,NaN,-.042619434163922165,NaN,NaN,-.2538633300676737,NaN,NaN,-.10610722021463231,.05288869830828681,NaN,NaN,-.7467278699727272,NaN,NaN,NaN,NaN,NaN,NaN,NaN,NaN,NaN,NaN,NaN,NaN,NaN,-.07971024704026378,NaN,-.015774369814850787,NaN,NaN,NaN,-.06469333488700246,-.0441264491477565,NaN,NaN,NaN,NaN,-.033360964887766104,NaN,NaN,NaN,NaN,NaN,NaN,NaN,NaN,NaN,.04328969179117951,NaN,NaN,NaN,-.1061522989422724,NaN,NaN,NaN,.051636495685182304,NaN,NaN,-.1791934425827907,NaN,NaN,NaN,NaN,NaN,NaN,NaN,NaN,NaN,NaN,NaN,NaN,NaN,NaN,.06308799129095469,NaN,NaN,-.11700718277908657,NaN,NaN,NaN,NaN,NaN,-.1362048970366155,NaN,-.2556039879423345,-.011245716911395781,NaN,NaN,NaN
NaN,.24957453631497203,NaN,NaN,NaN,NaN,NaN,NaN,.1431567726225641,NaN,NaN,.11655237556706549,NaN,NaN,NaN,NaN,NaN,NaN,NaN,.1424973052338074,NaN,1.0207944522936336,-.14779635450488599,NaN,NaN,NaN,NaN,NaN,NaN,NaN,NaN,NaN,NaN,NaN,.2691159085238277,NaN,NaN,NaN,NaN,.2105103793656482,NaN,NaN,NaN,NaN,.2567934819998473,NaN,NaN,NaN,NaN,.2292253938292266,NaN,NaN,NaN,NaN,.25534063178141814,.08129195945405882,NaN,NaN,NaN,.42634241599152733,NaN,NaN,NaN,NaN,NaN,NaN,NaN,NaN,.2520617214794541,NaN,NaN,.1505215215907898,NaN,NaN,NaN,NaN,.4936559328418757,NaN,NaN,NaN,NaN,NaN,.00035931168417970726,NaN,.4981381664118292,NaN,NaN,NaN,NaN,NaN,NaN,NaN,.2611375182225876,NaN,NaN,NaN,.3358391412169431,NaN,.2568188163081151,NaN
NaN,NaN,NaN,NaN,NaN,NaN,NaN,NaN,NaN,NaN,NaN,NaN,NaN,NaN,-.04477820697567128,NaN,NaN,NaN,-.27351396158594454,NaN,.05486362199344469,NaN,NaN,NaN,NaN,NaN,-.10535399982774317,NaN,NaN,NaN,NaN,NaN,-.10615527318714407,-.09562351090825719,NaN,NaN,NaN,-.04035450330949511,NaN,-.10844938443083439,NaN,NaN,NaN,NaN,NaN,NaN,NaN,NaN,NaN,-.1167677380004146,NaN,NaN,NaN,-.08926571332975665,NaN,NaN,NaN,-.0712012325918483,NaN,NaN,NaN,NaN,NaN,NaN,NaN,NaN,NaN,NaN,NaN,NaN,NaN,NaN,NaN,NaN,.02131087207752741,NaN,NaN,NaN,NaN,NaN,NaN,NaN,NaN,NaN,NaN,NaN,NaN,NaN,NaN,NaN,NaN,-.12380199596434195,NaN,NaN,NaN,NaN,NaN,NaN,NaN,-.053268158113101496
NaN,NaN,NaN,NaN,NaN,NaN,NaN,NaN,NaN,NaN,NaN,NaN,.25229220801980423,.17125861108678964,NaN,.3570950209543038,.18980168665494573,NaN,.42752946527623326,NaN,.5744779558549253,NaN,NaN,NaN,NaN,NaN,NaN,NaN,NaN,NaN,NaN,NaN,NaN,.23129509955853078,.2459128789712,NaN,NaN,NaN,.14470159776198677,NaN,NaN,.15401911786479686,NaN,NaN,NaN,NaN,NaN,NaN,NaN,NaN,NaN,NaN,NaN,NaN,NaN,.06353979636247012,NaN,NaN,NaN,NaN,NaN,NaN,NaN,NaN,NaN,NaN,.1475679130747377,NaN,.22893340142394342,NaN,NaN,NaN,NaN,NaN,NaN,NaN,NaN,NaN,NaN,.4936863229048287,NaN,NaN,NaN,NaN,NaN,.20350936467600278,.49471583911659206,NaN,NaN,NaN,.1331482091436815,NaN,NaN,NaN,NaN,.6528053064424151,NaN,NaN,NaN,NaN
NaN,NaN,NaN,NaN,NaN,NaN,NaN,NaN,NaN,NaN,NaN,NaN,NaN,NaN,.17203983101588785,NaN,-.1174640312418661,NaN,NaN,NaN,NaN,-.09904602755630623,NaN,NaN,NaN,NaN,-.07128440187515125,NaN,NaN,NaN,NaN,NaN,-.10076964222415898,NaN,-.07667376553456448,NaN,-.11960805730512825,NaN,NaN,-.05333060576136406,NaN,NaN,NaN,NaN,NaN,NaN,NaN,-.024535331387184896,-.062421552751611445,NaN,NaN,-.039518231364887316,NaN,NaN,-.14578475937179292,NaN,NaN,-.08391012549435933,NaN,NaN,NaN,NaN,NaN,NaN,NaN,NaN,NaN,NaN,NaN,NaN,NaN,NaN,NaN,-.05102252224524772,-.02856904696822124,NaN,NaN,-.11310520379254123,-.009193502605852638,-.03365982004294636,NaN,-.0030700035083958987,NaN,-.08729062857914274,-.1832790751330455,NaN,NaN,NaN,NaN,NaN,NaN,NaN,NaN,NaN,NaN,NaN,NaN,-.001397179258550858,-.09554739831150813,NaN
-.05386100065557033,-.05117148496398358,NaN,NaN,NaN,NaN,NaN,NaN,NaN,NaN,-.05464836449252093,NaN,.0008183103300804795,NaN,NaN,NaN,-.10519811185474603,-.2571528676547825,-.378496764687835,NaN,NaN,NaN,NaN,NaN,-.023119944284245797,NaN,NaN,NaN,NaN,NaN,NaN,NaN,NaN,NaN,NaN,.03270881772754393,-.3327149163473275,NaN,NaN,NaN,NaN,.007052641464731609,NaN,.16192786864415173,NaN,NaN,-.038867409634534986,NaN,NaN,NaN,-.11914032369752023,NaN,-.0052597801225515856,NaN,-.1166936868660558,NaN,NaN,NaN,NaN,NaN,.0034355122711214603,NaN,NaN,-.025544802641548847,-.12465841028781367,NaN,NaN,-.10023185819736566,NaN,NaN,NaN,NaN,NaN,NaN,NaN,NaN,-.11675685007445202,NaN,NaN,NaN,-.07182806821122065,NaN,NaN,NaN,-.2341458941726735,NaN,NaN,-.03868039015391947,NaN,NaN,NaN,-.11904043328001414,NaN,NaN,-.003785417317932513,NaN,NaN,.008030867020118725,NaN,NaN
NaN,NaN,.08104487963322518,NaN,NaN,NaN,NaN,.05197727768011062,NaN,NaN,NaN,NaN,NaN,NaN,NaN,NaN,NaN,NaN,NaN,NaN,-.10893463919480162,NaN,NaN,NaN,.01997264820972336,-.0002582682770761284,NaN,.030637369166360007,NaN,NaN,NaN,NaN,NaN,NaN,NaN,NaN,NaN,-.20383441203271857,NaN,NaN,.034172032119642634,.021352299615226267,NaN,NaN,NaN,NaN,NaN,NaN,.0177197979779377,NaN,NaN,NaN,NaN,NaN,NaN,-.008665634539569946,NaN,-.02895220964634561,NaN,NaN,NaN,-.029122084208899293,NaN,NaN,NaN,NaN,NaN,NaN,NaN,NaN,NaN,NaN,NaN,.027599607969944123,-.13199196605829397,NaN,.03316139378237826,NaN,NaN,NaN,NaN,NaN,NaN,NaN,NaN,NaN,NaN,NaN,NaN,NaN,NaN,NaN,NaN,NaN,NaN,-.6664062745289496,NaN,NaN,NaN,NaN
NaN,NaN,NaN,NaN,NaN,NaN,-.734234765902202,NaN,.05099752661916403,NaN,NaN,NaN,NaN,NaN,NaN,.13137495183733397,NaN,NaN,NaN,NaN,NaN,NaN,NaN,NaN,NaN,.01136022776338107,-.06549243393386073,NaN,NaN,NaN,NaN,NaN,NaN,NaN,NaN,.05551111092692754,NaN,.0206129318573732,NaN,-.15056912773096273,NaN,NaN,NaN,NaN,NaN,NaN,NaN,NaN,NaN,NaN,NaN,NaN,NaN,NaN,NaN,-.006531202394417634,NaN,NaN,.041380113560522604,-.08526627315457644,-.22031095478453686,NaN,NaN,NaN,NaN,NaN,NaN,NaN,NaN,NaN,NaN,-.44843636716953983,.04622841371253508,-.03283172201229825,NaN,NaN,NaN,NaN,NaN,NaN,-.023851485884532286,.011749199562317071,NaN,NaN,.186632021038858,NaN,NaN,NaN,NaN,NaN,NaN,NaN,NaN,NaN,NaN,NaN,NaN,NaN,NaN,NaN
-.17853819970678672,-.14859525505810287,NaN,NaN,-.09221310842927291,NaN,NaN,NaN,NaN,NaN,NaN,-.022261884411144454,-.10396752519967725,NaN,NaN,NaN,NaN,-.2364100703025978,NaN,-.008164964521770379,NaN,-.5941260042837322,NaN,NaN,NaN,NaN,NaN,NaN,NaN,NaN,NaN,NaN,NaN,NaN,NaN,NaN,NaN,NaN,NaN,-.08681051585529978,NaN,NaN,NaN,NaN,NaN,NaN,NaN,-.008998235325896796,NaN,NaN,NaN,NaN,-.11023900478851567,NaN,NaN,NaN,NaN,NaN,NaN,-.3397952103828049,NaN,NaN,NaN,NaN,-.09997225247125735,NaN,NaN,NaN,NaN,NaN,-.03926606515800292,NaN,NaN,NaN,-.04046548696964103,NaN,-.13334272411121212,NaN,NaN,NaN,NaN,NaN,NaN,NaN,NaN,NaN,.06400972677138281,-.08815952710753021,NaN,NaN,NaN,NaN,NaN,-.2381576890890901,-.0714254044537969,NaN,NaN,-.0001554365559206924,-.1392071985813513,NaN
NaN,NaN,NaN,NaN,-.09261787119723833,-.23105506052841396,NaN,NaN,NaN,NaN,NaN,NaN,NaN,NaN,NaN,NaN,NaN,NaN,-.1637473213302361,NaN,NaN,NaN,NaN,NaN,NaN,NaN,NaN,NaN,NaN,-.12543752626032295,-.12286520058928782,NaN,NaN,-.12332760997223619,NaN,-.01986412679364292,NaN,NaN,NaN,-.1238601651821536,-.11883017735448805,NaN,NaN,NaN,NaN,NaN,-.10198628585350929,NaN,NaN,NaN,-.1046522026524734,NaN,NaN,NaN,NaN,NaN,NaN,-.12184844274567722,NaN,NaN,NaN,NaN,NaN,NaN,NaN,NaN,NaN,-.1423171608272842,NaN,NaN,NaN,-.13877162292498713,NaN,NaN,NaN,NaN,NaN,NaN,NaN,NaN,NaN,-.0059998344770814185,-59999173509014515e-21,NaN,NaN,NaN,NaN,NaN,NaN,-.013141741133453165,NaN,NaN,-.1252455975159879,NaN,NaN,NaN,NaN,NaN,NaN,-.12364684435349642
NaN,NaN,NaN,NaN,-.08939364294561733,NaN,-.10714773312194223,NaN,NaN,-.14013476179062062,NaN,NaN,NaN,NaN,NaN,NaN,NaN,NaN,NaN,-.0171159024332982,NaN,NaN,NaN,-.08990231481309095,NaN,NaN,-.0996812900550341,NaN,-.15380304207744938,NaN,NaN,-.13904819836294197,NaN,NaN,NaN,NaN,NaN,NaN,-.02192401598578417,NaN,NaN,NaN,NaN,NaN,NaN,NaN,NaN,NaN,NaN,-.10426717263068035,NaN,NaN,NaN,NaN,NaN,NaN,NaN,NaN,NaN,NaN,NaN,NaN,-.1558016964724323,NaN,NaN,NaN,-.013480598814838119,NaN,-.11717131044345505,NaN,NaN,NaN,NaN,NaN,NaN,NaN,NaN,NaN,NaN,-.11133974105656849,NaN,NaN,NaN,-.1158806069885229,NaN,-.11790251922517236,NaN,NaN,-.11438021136445313,-.012393517940141796,NaN,NaN,NaN,NaN,NaN,NaN,-.08216053268123985,NaN,NaN,NaN
NaN,NaN,NaN,-.05024316724388576,-.09229736131105493,NaN,NaN,NaN,NaN,NaN,NaN,NaN,NaN,NaN,NaN,NaN,NaN,NaN,NaN,NaN,NaN,-.20717541692085145,NaN,NaN,NaN,-.024160981827393218,NaN,NaN,NaN,NaN,NaN,NaN,NaN,NaN,NaN,NaN,NaN,NaN,NaN,NaN,NaN,NaN,NaN,NaN,NaN,NaN,NaN,NaN,NaN,NaN,NaN,NaN,NaN,-.11249679217651298,NaN,NaN,NaN,NaN,NaN,NaN,NaN,NaN,NaN,-.1263161464355781,NaN,-.14097009346698733,NaN,NaN,NaN,-.15236787619958136,NaN,NaN,NaN,NaN,NaN,NaN,NaN,NaN,NaN,NaN,NaN,NaN,NaN,NaN,NaN,NaN,NaN,NaN,NaN,-.013025146729919446,NaN,NaN,NaN,NaN,-.02622635360847306,NaN,-.08489932902809055,NaN,NaN,NaN
NaN,NaN,NaN,NaN,-.09249366410767361,-.23054870412839476,NaN,NaN,NaN,NaN,NaN,NaN,-.12296259088782253,NaN,NaN,NaN,NaN,-.14737928009652237,NaN,NaN,NaN,NaN,-.22198463814179062,NaN,NaN,NaN,NaN,NaN,NaN,-.12413361863127713,NaN,NaN,NaN,NaN,NaN,NaN,NaN,-.11858518070519336,NaN,NaN,NaN,NaN,-.12312159449555798,NaN,-.12297610799775198,NaN,NaN,-.059828244481296165,NaN,-.10823568565990188,NaN,-.12311607215481142,NaN,NaN,NaN,NaN,NaN,NaN,NaN,NaN,NaN,NaN,-.16538023839752244,-.12663466579309457,NaN,-.1414468506216594,NaN,NaN,NaN,NaN,NaN,NaN,-.026170720759599867,NaN,NaN,-.17220367284697752,NaN,NaN,-.1423258316647239,NaN,NaN,NaN,-5970329212677064e-20,-.11996829508209221,NaN,-.12212861683655374,NaN,NaN,NaN,NaN,-.02387115538278224,NaN,NaN,NaN,NaN,NaN,NaN,NaN,NaN,-.12310282043958216
NaN,NaN,-.14241042217531955,NaN,NaN,NaN,NaN,NaN,NaN,-.15975386362521762,-.12420980533866485,NaN,NaN,NaN,NaN,NaN,-.10735959702924983,NaN,NaN,NaN,NaN,NaN,NaN,-.09519766480952364,NaN,NaN,NaN,NaN,NaN,NaN,NaN,NaN,NaN,NaN,NaN,NaN,-.16551867058187936,NaN,NaN,NaN,NaN,NaN,NaN,-.12385732167966333,NaN,NaN,NaN,NaN,NaN,NaN,-.10451709432005103,NaN,NaN,NaN,NaN,NaN,NaN,NaN,NaN,NaN,NaN,NaN,NaN,NaN,NaN,NaN,NaN,NaN,NaN,NaN,-.027993615588552165,NaN,NaN,-.10282822196293978,NaN,NaN,NaN,NaN,-.1424972990261973,NaN,NaN,NaN,NaN,-.12032494903302271,NaN,NaN,NaN,NaN,NaN,NaN,NaN,-.1014294106903118,NaN,NaN,NaN,NaN,-.0870421805728813,NaN,NaN,NaN
NaN,NaN,NaN,NaN,NaN,NaN,-.5086516367650111,NaN,-.004775922209912022,-.417379035263273,-.2922202220249578,-.011584248577712427,NaN,-.11694776636069001,-.4755019386066882,NaN,NaN,NaN,NaN,NaN,NaN,NaN,NaN,-.10170166195406923,NaN,NaN,NaN,-.06443025840313073,NaN,-.3678643798078758,NaN,NaN,NaN,NaN,NaN,-.0010366776031294662,NaN,NaN,NaN,NaN,NaN,NaN,NaN,NaN,NaN,NaN,NaN,NaN,NaN,NaN,NaN,NaN,NaN,NaN,NaN,NaN,NaN,NaN,NaN,NaN,NaN,NaN,-.2993854611711099,-.10831769099821341,NaN,-.11231502247839537,-.0009542590390567134,NaN,NaN,NaN,NaN,NaN,-.009232155826661734,NaN,-.38380648131053163,NaN,NaN,NaN,NaN,NaN,NaN,NaN,NaN,NaN,NaN,NaN,-.48818358153792096,-.14080330522159779,NaN,NaN,NaN,NaN,-.36403706733341723,-.3462829045147236,-.001203102147348853,NaN,-.3269347352690255,NaN,NaN,-.12936237063393063
-.09743444277897727,NaN,NaN,-.050472405586565135,NaN,NaN,NaN,NaN,-.0174928867654026,NaN,NaN,NaN,NaN,NaN,NaN,NaN,NaN,NaN,NaN,NaN,NaN,-.2159501356472539,-.22202604988000207,NaN,NaN,NaN,NaN,NaN,NaN,NaN,NaN,-.1421283816047461,NaN,NaN,NaN,NaN,NaN,NaN,NaN,NaN,NaN,NaN,-.12349292361740233,NaN,NaN,NaN,NaN,NaN,NaN,NaN,NaN,NaN,NaN,NaN,NaN,NaN,NaN,NaN,NaN,NaN,NaN,NaN,NaN,NaN,NaN,NaN,-.014401486403887259,NaN,NaN,NaN,NaN,NaN,NaN,NaN,NaN,NaN,NaN,NaN,NaN,-.1241533251895384,NaN,NaN,NaN,NaN,NaN,NaN,NaN,NaN,NaN,NaN,NaN,NaN,NaN,NaN,-.02644876449124704,-.13203422055957975,NaN,NaN,NaN,-.12363950856532091
NaN,-.09835358265794612,NaN,NaN,NaN,NaN,NaN,NaN,NaN,NaN,-.12398980410861832,NaN,NaN,NaN,NaN,-.14096043250157636,NaN,NaN,NaN,-.01824398263790123,NaN,NaN,NaN,NaN,-.12244961226361323,NaN,NaN,-.09500001350633169,-.1745281745554028,NaN,NaN,NaN,NaN,NaN,-.09179615383132446,NaN,-.16547608090327454,NaN,-.023663771103914797,NaN,NaN,NaN,NaN,NaN,NaN,NaN,NaN,NaN,NaN,NaN,NaN,NaN,NaN,NaN,NaN,NaN,NaN,NaN,NaN,NaN,NaN,NaN,NaN,NaN,NaN,NaN,NaN,NaN,NaN,NaN,NaN,-.138311571317349,-.026251255582869056,NaN,NaN,NaN,NaN,NaN,NaN,NaN,NaN,-.005987837070213163,NaN,NaN,NaN,NaN,NaN,NaN,NaN,NaN,-.023922019411224373,-.1014228957355154,NaN,NaN,NaN,NaN,NaN,NaN,NaN,NaN
NaN,NaN,NaN,NaN,NaN,NaN,NaN,NaN,2435291133448189e-20,-.22788731212447758,NaN,NaN,NaN,-.047456416382327476,NaN,NaN,NaN,NaN,.10643784657962493,NaN,NaN,.9679588135725845,NaN,NaN,NaN,NaN,NaN,NaN,NaN,.08843113062184385,.7364899743176555,.0912155302839496,-.0028656765375741217,NaN,NaN,NaN,NaN,NaN,NaN,NaN,NaN,.018547787883622668,NaN,-.013171589092077149,NaN,NaN,NaN,NaN,NaN,-.0028489661328957444,NaN,-.051823183027211256,NaN,NaN,NaN,NaN,-.033180691655191566,-.03605685314197371,.0010565078523834884,NaN,NaN,8411923093212814e-21,NaN,NaN,NaN,NaN,NaN,NaN,NaN,NaN,NaN,NaN,NaN,NaN,NaN,NaN,NaN,NaN,NaN,NaN,NaN,NaN,NaN,NaN,.17966001781542468,NaN,NaN,NaN,NaN,NaN,.015412179956570467,NaN,NaN,NaN,.01205765920357001,NaN,NaN,NaN,NaN,NaN
-.09729222858648102,NaN,NaN,NaN,NaN,NaN,-.13413407469444044,NaN,NaN,NaN,NaN,NaN,NaN,-.12336912137114389,NaN,NaN,NaN,-.14453813702172663,NaN,NaN,NaN,NaN,-.21111680757135792,NaN,NaN,NaN,-.10463597130503673,NaN,NaN,NaN,NaN,NaN,-.10910726304729372,NaN,NaN,NaN,NaN,NaN,NaN,NaN,NaN,NaN,NaN,NaN,NaN,NaN,NaN,NaN,NaN,NaN,NaN,NaN,NaN,NaN,NaN,NaN,NaN,NaN,NaN,-.13058743055947003,NaN,NaN,NaN,NaN,NaN,NaN,NaN,-.13234479849795935,NaN,-.1460131483531042,-.027994289087951832,NaN,NaN,-.10279577482848719,-.1598887306752633,NaN,NaN,NaN,-.1317744742787553,NaN,NaN,NaN,NaN,-.12022341899471597,NaN,NaN,NaN,-.12333707345852676,NaN,NaN,NaN,NaN,NaN,NaN,NaN,NaN,-.08322560722133229,-.005987377468315813,NaN,NaN
NaN,NaN,NaN,NaN,NaN,NaN,NaN,NaN,NaN,NaN,NaN,NaN,NaN,NaN,NaN,NaN,NaN,NaN,NaN,NaN,.10601778660300265,NaN,NaN,NaN,NaN,NaN,NaN,NaN,NaN,NaN,NaN,NaN,NaN,NaN,NaN,.04124707020462407,.1323347961220612,.03999153941742492,.05931998775253517,NaN,NaN,NaN,NaN,NaN,NaN,.08781974487882008,.10274770714576284,NaN,NaN,NaN,NaN,NaN,NaN,NaN,NaN,NaN,NaN,NaN,NaN,NaN,NaN,NaN,NaN,NaN,NaN,NaN,NaN,.18902150507146198,NaN,NaN,NaN,NaN,NaN,NaN,NaN,NaN,NaN,NaN,NaN,NaN,.0572446286537972,NaN,931534782871382e-19,NaN,NaN,NaN,NaN,NaN,-.10017208302443734,NaN,.04399487636313735,NaN,.11240395912804585,NaN,NaN,NaN,NaN,NaN,NaN,NaN
NaN,-.0978520929972927,NaN,NaN,NaN,NaN,NaN,NaN,NaN,NaN,-.12285354346905164,NaN,NaN,-.12296994755326626,-.16194102965375673,NaN,NaN,-.14608840517681268,NaN,NaN,-.19290984904762676,NaN,NaN,NaN,NaN,-.024227197266229027,NaN,NaN,NaN,NaN,-.12274571988609227,NaN,NaN,NaN,NaN,NaN,NaN,NaN,NaN,NaN,-.11843795183204017,NaN,-.12301272052326151,NaN,-.12293785159156004,-.13736207122328056,NaN,NaN,NaN,-.10810911122077858,NaN,NaN,NaN,NaN,NaN,NaN,NaN,NaN,-.04452020238045728,NaN,NaN,NaN,NaN,NaN,NaN,NaN,NaN,NaN,NaN,NaN,NaN,NaN,NaN,NaN,NaN,NaN,NaN,-.12304081371267106,NaN,NaN,NaN,NaN,NaN,NaN,NaN,NaN,NaN,NaN,NaN,NaN,NaN,NaN,NaN,NaN,NaN,-.1306487101335198,NaN,-.005972157646967058,NaN,NaN
-.03451403238478165,NaN,NaN,NaN,NaN,NaN,-.13463676022010612,NaN,NaN,NaN,NaN,NaN,NaN,NaN,NaN,.036538669635225174,NaN,NaN,NaN,NaN,NaN,NaN,NaN,NaN,NaN,NaN,NaN,-.04446204305650052,NaN,NaN,NaN,NaN,-.03400486113114015,NaN,-.03287634854415195,NaN,NaN,NaN,NaN,NaN,NaN,NaN,-.06905157158812275,NaN,NaN,NaN,NaN,NaN,NaN,NaN,NaN,-.05320534258567637,NaN,NaN,NaN,NaN,NaN,-.07095771147215504,NaN,.27758804397151227,NaN,NaN,NaN,-.08180047532591928,NaN,-.08994545981917265,NaN,.307864445817182,NaN,NaN,NaN,NaN,NaN,NaN,NaN,NaN,NaN,NaN,.29278434179787316,.09752095623580623,NaN,NaN,NaN,NaN,NaN,NaN,NaN,-.07490784739507228,.14243868749901512,NaN,.009282953514809497,-.03449850069298163,NaN,NaN,.0032256721183899703,NaN,NaN,NaN,NaN,NaN
NaN,NaN,NaN,-.050472405586565135,NaN,-.23136912526941789,NaN,-.14203734309463872,NaN,NaN,NaN,-.019999999999999997,-.12327478109791531,-.12349723121735695,NaN,NaN,NaN,NaN,NaN,NaN,NaN,NaN,-.22202604988000207,NaN,-.12259064908789705,NaN,NaN,NaN,NaN,-.12543496315235356,NaN,NaN,-.10898380142646732,NaN,NaN,NaN,NaN,NaN,NaN,NaN,NaN,NaN,NaN,NaN,NaN,NaN,-.10199036902174546,-.06000000000000001,NaN,NaN,NaN,NaN,NaN,-.11302431164619811,-.14218916308173107,NaN,-.12335444017613192,NaN,NaN,NaN,-.16379717928222254,-.12362060575930922,NaN,NaN,-.1235099320472897,-.14212391313207237,NaN,NaN,-.12348769000016989,NaN,NaN,-.13885335896897472,NaN,NaN,NaN,NaN,NaN,NaN,NaN,NaN,NaN,NaN,NaN,-.12042503843537303,NaN,-.1223844896358509,NaN,NaN,NaN,NaN,NaN,NaN,NaN,-.160461232191801,NaN,NaN,NaN,NaN,NaN,NaN
NaN,NaN,NaN,NaN,NaN,NaN,NaN,NaN,NaN,NaN,NaN,NaN,NaN,-.11372734236789091,-.17261232400347606,NaN,NaN,NaN,NaN,NaN,NaN,NaN,NaN,NaN,NaN,NaN,NaN,NaN,NaN,NaN,NaN,NaN,NaN,NaN,NaN,NaN,NaN,NaN,NaN,NaN,NaN,-.007654661449552749,NaN,NaN,-.10915660775272654,-.12335523405542273,NaN,NaN,NaN,-.09082456208720313,NaN,NaN,NaN,NaN,NaN,NaN,-.09581017148623212,NaN,NaN,NaN,-.14060508368597874,NaN,NaN,NaN,NaN,NaN,NaN,NaN,NaN,NaN,NaN,NaN,NaN,NaN,NaN,-.17806765349050518,NaN,-.10102253186717296,NaN,NaN,NaN,NaN,NaN,NaN,NaN,NaN,NaN,-.11653771298249758,NaN,-.006699511753103041,NaN,NaN,NaN,NaN,NaN,NaN,NaN,NaN,-.10373561326017675,NaN
NaN,NaN,-.15669544245783998,NaN,NaN,NaN,NaN,NaN,NaN,NaN,NaN,-.02032469258682801,NaN,NaN,NaN,-.16599115941764656,NaN,NaN,NaN,NaN,NaN,-.26870518752410155,NaN,-.09525471301046279,-.12279160816327438,-.025151454916800906,NaN,NaN,NaN,-.1186191353366393,NaN,NaN,-.11214344721349312,NaN,NaN,NaN,NaN,NaN,-.0245617097406744,NaN,NaN,NaN,NaN,NaN,NaN,NaN,-.10252796671154248,NaN,NaN,NaN,-.1071018909152144,NaN,NaN,NaN,NaN,NaN,NaN,NaN,NaN,NaN,-.26926362533655135,-.12815974244507256,NaN,NaN,NaN,NaN,NaN,NaN,NaN,NaN,NaN,NaN,-.026624606494826262,NaN,NaN,-.22915202382485506,NaN,-.12545891195825035,NaN,NaN,NaN,NaN,NaN,NaN,NaN,-.12401930741867875,NaN,NaN,NaN,NaN,NaN,-.1053227475903844,NaN,NaN,NaN,NaN,NaN,NaN,NaN,NaN
NaN,NaN,NaN,NaN,NaN,.46500216751453505,NaN,NaN,NaN,NaN,NaN,.014973500590839552,NaN,NaN,NaN,NaN,.01490327550749733,NaN,NaN,NaN,NaN,NaN,NaN,.010863177946628846,NaN,NaN,.01612973705249686,NaN,NaN,.06298492876243594,NaN,NaN,NaN,.029695371222124636,NaN,NaN,NaN,NaN,NaN,.0019885717534790376,.03863870641661861,.025135163872328992,NaN,NaN,NaN,NaN,NaN,NaN,NaN,NaN,.020875258661931642,NaN,-.043619744040192795,NaN,NaN,.007865811617574756,NaN,NaN,NaN,NaN,NaN,NaN,NaN,NaN,NaN,-.04500969617065001,NaN,NaN,.05264130675421115,NaN,NaN,NaN,NaN,NaN,NaN,-.2747369305749372,.04876427672786082,NaN,NaN,NaN,NaN,NaN,34145677093337675e-21,NaN,NaN,.0020454734585158008,.08873852921927997,NaN,NaN,NaN,NaN,.024235529797736466,NaN,NaN,NaN,.4567933528487755,NaN,NaN,-.021468362733660942,NaN
NaN,NaN,.11598226068140066,NaN,NaN,.16035642308887482,NaN,.11585619304981515,NaN,NaN,NaN,NaN,NaN,NaN,.2819276100830247,NaN,NaN,-.1530516503565681,.09981348528241749,.07283784523600573,NaN,NaN,NaN,NaN,NaN,NaN,NaN,NaN,NaN,NaN,NaN,NaN,NaN,NaN,NaN,NaN,NaN,NaN,NaN,NaN,.07674160193222744,NaN,.12422484821280633,NaN,NaN,NaN,NaN,NaN,NaN,NaN,NaN,.10460952889881513,NaN,NaN,-.04824566533833073,NaN,NaN,.05899046896061841,NaN,NaN,NaN,NaN,NaN,NaN,NaN,NaN,NaN,NaN,.08219621550572136,NaN,NaN,NaN,NaN,NaN,.12437706746734514,-.16012095988158867,.10032347008201434,NaN,.2823204574253314,NaN,NaN,.017005195050542446,NaN,.03425468220470579,NaN,NaN,NaN,NaN,NaN,.012321211307196562,NaN,NaN,NaN,.09295768843973642,NaN,NaN,NaN,.019773189221581833,NaN,NaN
