NaN,NaN,NaN,NaN,NaN,NaN,NaN,NaN,NaN,NaN,.14563017627480873,NaN,NaN,NaN,NaN,NaN,NaN,NaN,NaN,.12278570767274316,NaN,NaN,NaN,NaN,NaN,NaN,NaN,NaN,NaN,NaN,NaN,NaN,NaN,NaN,NaN,NaN,NaN,NaN,NaN,.021135577715234413,.08125103136556613,NaN,NaN,NaN,NaN,.156370421788753,NaN,NaN,NaN,NaN,NaN,NaN,.011640285125229383,NaN,NaN,NaN,NaN,NaN,NaN,-.12824565988537984,NaN,NaN,NaN,.10578033510795393,NaN,NaN,NaN,-.14567935149392672,NaN,.10494657391744576,NaN,NaN,.08145653887383066,NaN,NaN,.21085587265365555,NaN,NaN,-.0784783801126972,NaN,NaN,NaN,NaN,NaN,NaN,NaN,NaN,NaN,NaN,.1301130705607217,.09040719896245239,NaN,NaN,NaN,NaN,NaN,NaN,.049573701093154635,NaN,NaN
NaN,NaN,NaN,NaN,NaN,NaN,NaN,-.07110482252624875,NaN,NaN,NaN,NaN,NaN,.01590048938309837,NaN,.052846537983461506,NaN,NaN,NaN,NaN,NaN,.6053879657010728,NaN,NaN,.09803616441168977,NaN,NaN,NaN,NaN,NaN,-.044827985322405534,-.04331507982998954,.30623495796332906,.01320697921860466,NaN,.16934666923809685,NaN,NaN,.041996305944109844,NaN,NaN,NaN,NaN,NaN,NaN,NaN,NaN,.1921012576974641,NaN,NaN,NaN,NaN,NaN,.023267708882719965,-.004419909102165474,NaN,NaN,.2326874252257286,NaN,NaN,.19207769630886268,NaN,-.003409511977754052,NaN,NaN,NaN,NaN,NaN,NaN,NaN,NaN,NaN,NaN,NaN,.0008380199294123203,NaN,NaN,.19013296396196733,NaN,-.015749705042509953,NaN,NaN,.24814658958342067,NaN,NaN,NaN,NaN,.029157892152961454,NaN,NaN,NaN,NaN,NaN,NaN,NaN,NaN,NaN,NaN,NaN,.0939633132338856
NaN,NaN,NaN,NaN,NaN,-.2569880658302093,NaN,NaN,NaN,NaN,.02204894124552734,NaN,NaN,NaN,NaN,NaN,NaN,NaN,NaN,NaN,NaN,NaN,-.38738641894249926,NaN,NaN,NaN,NaN,NaN,-.16688249743196204,NaN,NaN,NaN,NaN,.006262967610587861,NaN,NaN,NaN,NaN,NaN,NaN,.007285354913370746,NaN,NaN,NaN,-.014369100633151985,NaN,NaN,NaN,NaN,NaN,NaN,NaN,NaN,NaN,NaN,NaN,NaN,-.010233296653504092,.015747898644026207,-.13944405085050812,-.0312403101229311,NaN,NaN,NaN,NaN,NaN,NaN,NaN,NaN,-.10484072145110751,.032922088903136595,NaN,-.03578374909350137,NaN,NaN,NaN,NaN,NaN,-.15261969795635355,NaN,.026695334280071974,NaN,NaN,NaN,NaN,-.05842793499009356,NaN,NaN,NaN,NaN,NaN,NaN,-.010331626685815946,NaN,NaN,-.27111328444205424,NaN,NaN,NaN,NaN
.29282511879870904,NaN,NaN,NaN,NaN,NaN,NaN,NaN,NaN,.12053800085995561,NaN,NaN,NaN,NaN,NaN,NaN,NaN,NaN,.12493743049595152,NaN,.6542711950433984,NaN,NaN,.33506536673142123,NaN,NaN,.29099938323274954,NaN,NaN,NaN,NaN,NaN,NaN,NaN,.39377671857252705,NaN,NaN,NaN,NaN,NaN,NaN,NaN,NaN,NaN,NaN,NaN,NaN,NaN,NaN,NaN,.2522569469947892,NaN,NaN,.28871391032554455,NaN,NaN,NaN,NaN,NaN,NaN,.5016135464046826,NaN,NaN,NaN,NaN,.3964631256730031,NaN,NaN,NaN,.5913951656284738,NaN,.3712642827958689,NaN,NaN,NaN,NaN,NaN,NaN,NaN,NaN,NaN,NaN,NaN,NaN,NaN,NaN,NaN,.30965839276728213,-.1670067463477698,.10028743938217474,NaN,NaN,NaN,.35935825158305057,NaN,NaN,.29931841522687513,NaN,NaN,NaN
NaN,NaN,.09017121509394901,NaN,NaN,-.023872135897999726,-.16880942879815938,.04845843645488719,.05424591345895442,.04738225043725133,NaN,NaN,NaN,NaN,NaN,NaN,NaN,NaN,NaN,NaN,NaN,NaN,NaN,NaN,NaN,NaN,NaN,NaN,NaN,NaN,-.015229500709997283,.05721949220918954,NaN,NaN,NaN,NaN,NaN,-.044657417935641555,NaN,NaN,.030703754176670196,NaN,.06020858622025043,NaN,NaN,NaN,NaN,NaN,NaN,NaN,NaN,NaN,NaN,NaN,NaN,NaN,NaN,NaN,.02628288284031425,NaN,NaN,NaN,NaN,NaN,.0018675357603035667,NaN,NaN,NaN,.007347376045534201,NaN,NaN,.0023256773331002123,NaN,NaN,NaN,NaN,NaN,.08945332467853263,NaN,-.052137368526927366,NaN,NaN,NaN,NaN,NaN,NaN,NaN,.0465416784885524,NaN,NaN,NaN,NaN,NaN,NaN,NaN,NaN,NaN,NaN,NaN,NaN
NaN,NaN,.20578363540828404,NaN,.16296928916965914,NaN,.14982806875250518,NaN,NaN,NaN,NaN,NaN,NaN,.11005755387244139,.024900696817194312,NaN,.0807135971753985,NaN,NaN,NaN,NaN,NaN,NaN,NaN,NaN,.13742603620505836,NaN,NaN,NaN,NaN,.11438713580758082,NaN,.20540838409323756,NaN,NaN,NaN,NaN,NaN,NaN,NaN,NaN,NaN,.2087493143223308,.5473929921889614,NaN,.14853155224781261,.1348148103599467,NaN,NaN,NaN,NaN,NaN,NaN,NaN,NaN,NaN,NaN,NaN,NaN,.3712015519341806,NaN,.16542648381060224,NaN,NaN,NaN,NaN,NaN,.29739431624661106,NaN,NaN,.09030213821777824,NaN,NaN,NaN,NaN,.6188559047982183,.11651905765869053,NaN,NaN,NaN,NaN,NaN,NaN,NaN,NaN,NaN,NaN,NaN,.3325521038900967,.0819289023365718,NaN,NaN,NaN,NaN,.11177010241592596,NaN,NaN,NaN,NaN,NaN
.18886457942608909,NaN,NaN,NaN,NaN,NaN,NaN,.1562689356449992,NaN,NaN,NaN,.051828899787152244,.19741402943334327,NaN,NaN,NaN,NaN,NaN,NaN,NaN,NaN,NaN,NaN,NaN,NaN,.17335550309555775,.17202458206712418,NaN,-.057769030349584166,.15135953122118154,NaN,NaN,NaN,NaN,NaN,-.007223395423930357,NaN,.5734411268430962,NaN,NaN,NaN,NaN,.19938019627420964,.6845763236789782,NaN,NaN,NaN,NaN,NaN,NaN,NaN,NaN,NaN,NaN,NaN,NaN,.15471899029825242,NaN,.07711600607030716,.19237596089431208,NaN,NaN,NaN,NaN,NaN,NaN,NaN,.25977550326769777,.12740084873314286,NaN,.08380460516759752,.20361062967602372,NaN,NaN,NaN,NaN,NaN,NaN,NaN,NaN,NaN,.06609714742490627,NaN,.14467179515438788,NaN,NaN,NaN,NaN,NaN,NaN,.11508498287158214,.18600983559403367,NaN,.14085591347762122,NaN,.25545142551510625,NaN,NaN,NaN,NaN
.04457924707795993,NaN,NaN,.01689865156645315,-.006770158689794614,NaN,NaN,NaN,NaN,-.2049416189058689,NaN,NaN,NaN,NaN,NaN,-.1943356049340181,NaN,NaN,-.10153370266505363,NaN,NaN,NaN,NaN,.049196629841876185,-.13228976025115924,NaN,NaN,NaN,NaN,NaN,NaN,NaN,NaN,-.007655284597036249,NaN,-.04235738970493749,-.020593197064811927,NaN,NaN,NaN,NaN,NaN,NaN,.06151126023393183,.013436165644577364,.024324770161400916,.015602625367790786,NaN,NaN,NaN,NaN,.01779686384320141,NaN,NaN,NaN,NaN,NaN,NaN,.03088432500810298,NaN,-.06478176435042517,-.0015701303797559137,.012750368385988524,NaN,NaN,NaN,NaN,NaN,NaN,NaN,NaN,NaN,NaN,.026934369382869167,NaN,NaN,NaN,NaN,NaN,NaN,NaN,-.02695455695424096,NaN,NaN,-.01655656722757507,NaN,NaN,NaN,-.20316358953036925,NaN,NaN,.0211078286181206,NaN,NaN,NaN,NaN,NaN,NaN,NaN,NaN
NaN,NaN,NaN,-.039301900461906666,NaN,NaN,NaN,NaN,NaN,-.1338787503204492,NaN,NaN,NaN,NaN,NaN,NaN,NaN,-.2720866432043497,NaN,NaN,NaN,-.4793085234550063,NaN,NaN,NaN,NaN,-.13059543782414723,-.15811792681052977,NaN,NaN,NaN,NaN,NaN,NaN,NaN,NaN,-.25758945743312317,NaN,-.08505265422322991,NaN,-.02286374724696607,NaN,NaN,NaN,NaN,NaN,NaN,NaN,.007302980848762023,-.2261663731367475,-.1327203853088017,NaN,NaN,NaN,NaN,-.05409081224191696,NaN,NaN,NaN,NaN,NaN,-.09378668540323513,NaN,NaN,-.15525442847659274,NaN,NaN,NaN,NaN,NaN,NaN,NaN,NaN,-.08604466755171601,NaN,-.41537393225599484,NaN,-.15946354717466268,NaN,NaN,-.12077644711924262,-.006312193990113405,NaN,-.018945626345124235,NaN,NaN,NaN,NaN,-.4873762687154731,NaN,NaN,NaN,NaN,NaN,NaN,NaN,NaN,NaN,-.07490757256957156,NaN
NaN,NaN,.2928310003344679,.0931012591250373,.20663986408012575,NaN,.43379418032011174,NaN,NaN,NaN,.06637406914913976,NaN,NaN,NaN,NaN,-.03965144859548647,NaN,NaN,NaN,.2692542772473421,-.07738020494787237,NaN,NaN,NaN,NaN,.26445334868766046,NaN,.140583479843581,-.043048442072327775,NaN,NaN,NaN,NaN,NaN,NaN,NaN,NaN,NaN,.0633470901490961,NaN,NaN,NaN,NaN,.1935784177839437,NaN,.03587185204609736,.06635925428259656,.24547248672061284,NaN,NaN,NaN,NaN,NaN,NaN,.02377168018504014,NaN,NaN,NaN,NaN,NaN,NaN,.07634487333239906,NaN,NaN,NaN,NaN,NaN,NaN,NaN,.12226304117373013,NaN,NaN,NaN,NaN,NaN,NaN,NaN,.23072702938307807,NaN,NaN,.047889901810955426,NaN,.188049855556706,NaN,NaN,.1824571711157199,.24896816828734963,NaN,NaN,NaN,NaN,NaN,NaN,.05451021510104444,.06682222779471594,NaN,NaN,NaN,NaN,NaN
NaN,NaN,NaN,.05557393984803584,NaN,NaN,NaN,NaN,NaN,.2153661037324212,NaN,.03677978096160575,.10905739262085452,NaN,.3848352652279009,NaN,NaN,NaN,NaN,NaN,.37989381949585577,NaN,NaN,NaN,NaN,NaN,NaN,NaN,.2113497560429502,NaN,NaN,.20720553603130462,NaN,NaN,.10363754012863369,NaN,NaN,NaN,NaN,NaN,NaN,NaN,NaN,NaN,.08975204841550337,.12499387121805564,.06568670273416574,NaN,NaN,NaN,NaN,.1780497743275406,.2163585147445068,NaN,NaN,NaN,.09804530211404551,NaN,NaN,NaN,NaN,NaN,NaN,.14966663663447657,NaN,.259468353539116,NaN,NaN,NaN,NaN,NaN,NaN,NaN,NaN,NaN,NaN,NaN,NaN,NaN,NaN,.059645779221282134,NaN,-.016537123477538634,NaN,NaN,NaN,NaN,NaN,NaN,NaN,NaN,NaN,NaN,NaN,NaN,NaN,NaN,NaN,.12497379288988819,.15288417316825617
.19209023639729572,.1582709452960403,.3233432833879263,NaN,NaN,NaN,NaN,.14704396997068567,NaN,NaN,NaN,.07176196758858419,NaN,NaN,NaN,NaN,NaN,NaN,NaN,.1596879850499915,NaN,NaN,.3618772744582515,NaN,NaN,NaN,NaN,NaN,NaN,NaN,NaN,NaN,NaN,NaN,NaN,NaN,NaN,NaN,NaN,NaN,NaN,.10638760639571793,NaN,NaN,NaN,NaN,NaN,NaN,.12604643958966108,NaN,.20394200894181932,NaN,NaN,NaN,NaN,.10020586617469304,.16857792355310194,NaN,NaN,NaN,NaN,NaN,NaN,NaN,.1608730430312769,NaN,.08629207613390273,NaN,NaN,NaN,NaN,NaN,NaN,NaN,NaN,NaN,NaN,NaN,NaN,NaN,NaN,NaN,NaN,NaN,NaN,NaN,.4700251486899184,NaN,NaN,NaN,NaN,NaN,NaN,NaN,.11952917222190312,.5018509297892214,NaN,NaN,NaN,NaN
NaN,.1603053997372345,NaN,NaN,NaN,-.18035687054682328,NaN,NaN,.08366279803556666,NaN,NaN,NaN,NaN,NaN,.10890116487089205,NaN,NaN,-.06318860419517383,NaN,NaN,NaN,NaN,-.2401199413284737,NaN,.19953624048911797,NaN,NaN,NaN,.1056447937896266,NaN,.08701037321265034,.13770198615802115,.2117830512902314,NaN,.27917595185649025,NaN,NaN,NaN,.13514561364328925,NaN,NaN,NaN,NaN,NaN,NaN,NaN,NaN,NaN,NaN,NaN,NaN,.17032700354952873,NaN,NaN,NaN,NaN,NaN,NaN,NaN,NaN,NaN,NaN,NaN,NaN,NaN,NaN,NaN,NaN,NaN,NaN,NaN,NaN,NaN,NaN,NaN,-.0818287612565318,.14827959719432324,NaN,NaN,NaN,NaN,NaN,NaN,NaN,NaN,.1369590193462877,NaN,NaN,NaN,NaN,NaN,.16445593770036318,.09936214146937024,NaN,NaN,.02590403095758871,.12324295755379328,NaN,NaN,.2486817666938863
NaN,NaN,-.07393881520174023,NaN,-.19180145892442618,NaN,NaN,NaN,NaN,NaN,-.32254428107898514,NaN,NaN,NaN,NaN,NaN,-.1812418608717552,NaN,-.22619186024862134,NaN,-.7182025044681073,NaN,NaN,NaN,NaN,NaN,NaN,NaN,NaN,NaN,NaN,NaN,NaN,-.14762824260972143,-.3615380744022781,-.24401397375097503,-.18810515367131575,NaN,NaN,NaN,NaN,-.0774926482056906,NaN,NaN,NaN,NaN,NaN,-.13591966434907188,NaN,NaN,NaN,NaN,NaN,-.18348169630204508,NaN,NaN,-.15643321386595194,NaN,-.07810085437804318,NaN,NaN,-.18873765648045374,NaN,NaN,-.11544299940023728,NaN,NaN,NaN,NaN,NaN,-.07127233699149416,NaN,NaN,NaN,NaN,NaN,NaN,-.24183545955346378,NaN,-.22287470599923986,NaN,NaN,NaN,NaN,NaN,-.19141469932562832,NaN,NaN,-.05313096371034309,NaN,NaN,NaN,-.384820536782921,NaN,NaN,NaN,NaN,NaN,NaN,-.30237815243649674
.10915156068629046,NaN,NaN,NaN,NaN,NaN,NaN,NaN,.05878778875169844,NaN,.07811105247745682,NaN,NaN,NaN,NaN,NaN,.10076333921561627,NaN,NaN,NaN,NaN,NaN,.01746471629309382,.11076090764770798,NaN,NaN,NaN,.13196267164223108,NaN,NaN,NaN,NaN,NaN,.0667384612895174,.1764567480762764,NaN,NaN,NaN,NaN,NaN,NaN,NaN,NaN,NaN,.15263721129524083,NaN,NaN,NaN,.07632724322852205,.10751185846677358,NaN,.15275104120776917,NaN,.1080774932123095,.08990265833170462,NaN,NaN,NaN,NaN,NaN,NaN,NaN,NaN,.15012376092718926,NaN,NaN,NaN,NaN,NaN,NaN,NaN,NaN,NaN,.10590005482292492,NaN,NaN,NaN,NaN,NaN,NaN,NaN,NaN,NaN,NaN,.16555738256096902,NaN,NaN,NaN,NaN,NaN,NaN,NaN,.11843198675246724,NaN,NaN,NaN,NaN,NaN,NaN,.13461572031013955
NaN,NaN,NaN,NaN,NaN,-.0700482017284657,NaN,-.07899115968572477,-.041659490600711155,NaN,NaN,NaN,NaN,NaN,NaN,NaN,NaN,NaN,NaN,NaN,NaN,NaN,NaN,NaN,NaN,NaN,NaN,NaN,NaN,NaN,NaN,NaN,NaN,NaN,NaN,-.0487308472359549,NaN,NaN,NaN,NaN,NaN,NaN,NaN,NaN,NaN,NaN,NaN,-.04042155083919807,NaN,NaN,NaN,NaN,NaN,-.10622520121272343,-.1556876597623813,NaN,NaN,NaN,NaN,NaN,NaN,NaN,-.19958019015674777,NaN,NaN,NaN,NaN,NaN,NaN,NaN,NaN,NaN,-.08537022912580196,NaN,-.07463358522446421,.15246437774090763,NaN,NaN,-.10078980689078185,-.0029832201335687272,-.11490052208134877,NaN,-.031556989382120405,NaN,NaN,NaN,-.08670572602920786,NaN,.059556823887358404,NaN,NaN,NaN,NaN,-.12032870925430314,NaN,NaN,NaN,NaN,-.09295048607204229,NaN
NaN,.04542665923136512,.001139119668185631,NaN,NaN,NaN,NaN,NaN,NaN,NaN,NaN,NaN,NaN,.03335813575934885,NaN,NaN,NaN,NaN,NaN,.22939474924922848,NaN,NaN,NaN,NaN,NaN,.09054912933819537,NaN,.13566696892082514,NaN,NaN,NaN,.15618410015010245,NaN,NaN,NaN,NaN,.054390818703832285,NaN,NaN,NaN,NaN,NaN,NaN,NaN,NaN,NaN,NaN,NaN,NaN,NaN,NaN,NaN,-.044262659799949484,NaN,NaN,NaN,.003983934442853143,NaN,NaN,NaN,NaN,NaN,NaN,.006760887010312204,NaN,NaN,NaN,.013782999060923715,NaN,NaN,.015748781381329412,NaN,.13925807643433874,NaN,NaN,NaN,NaN,NaN,NaN,NaN,NaN,NaN,NaN,NaN,NaN,NaN,.32117791722132905,NaN,NaN,.2062026989136952,NaN,NaN,NaN,NaN,NaN,NaN,NaN,NaN,.022546788466261597,NaN
NaN,NaN,NaN,NaN,NaN,NaN,NaN,NaN,NaN,-.28603667256702436,NaN,NaN,NaN,NaN,-.34321204153177115,NaN,-.07493293065958756,NaN,NaN,NaN,NaN,NaN,NaN,NaN,-.16813271119203993,NaN,-.0552684197348523,NaN,-.5781281197700489,NaN,-.21439616634882191,NaN,NaN,NaN,NaN,NaN,NaN,NaN,NaN,-.20835114572716928,NaN,NaN,NaN,NaN,NaN,-.10346005962834127,NaN,-.03681235501085515,-.004983415814447846,NaN,NaN,NaN,NaN,NaN,-.1047199380798925,NaN,NaN,NaN,NaN,NaN,NaN,NaN,-.2124016660700859,NaN,-.019743447290546546,NaN,.016134499021982347,-.5586605517263343,NaN,NaN,NaN,NaN,NaN,NaN,NaN,NaN,NaN,NaN,NaN,NaN,-.06441591357695077,NaN,NaN,NaN,NaN,NaN,-.5788002277932648,NaN,NaN,NaN,NaN,NaN,-.1486952206921348,NaN,NaN,NaN,NaN,-.017361798647413586,NaN,NaN
NaN,NaN,NaN,.0843151575687137,NaN,NaN,.16527704365928436,NaN,.03471757133296647,NaN,NaN,.05093387189119829,.10914340027989883,NaN,NaN,NaN,NaN,NaN,NaN,NaN,NaN,NaN,NaN,.15143357409539027,NaN,.07200951598579491,NaN,NaN,NaN,.2185881200947108,.23679152620677538,NaN,NaN,NaN,NaN,NaN,NaN,.33709119581471353,NaN,NaN,.146249474897279,.07536727422004014,.15033906902731325,NaN,NaN,NaN,NaN,NaN,NaN,.1840214050614668,.15559054063348937,NaN,NaN,.13126330347117557,NaN,.04522172662586665,NaN,.14866198979609171,NaN,NaN,NaN,.18492741226208184,NaN,NaN,.15023989836443116,.16018639452002567,.05391994223710868,NaN,.28540395222230985,NaN,.09600585608926931,.17449915819914552,NaN,NaN,NaN,NaN,NaN,NaN,NaN,NaN,.15867566722481918,NaN,.011781079833256323,.14054351043293783,NaN,NaN,NaN,NaN,NaN,.08233030499419586,.11297808191731795,NaN,.06790345489620485,NaN,NaN,NaN,NaN,.021041066384426134,NaN,NaN
NaN,NaN,NaN,NaN,NaN,NaN,-.08635643867730186,NaN,NaN,NaN,NaN,NaN,-.10022822506666404,NaN,NaN,NaN,NaN,NaN,NaN,NaN,NaN,NaN,NaN,NaN,NaN,NaN,NaN,NaN,NaN,NaN,NaN,-.006435257708298489,NaN,NaN,NaN,NaN,NaN,-.17640384752455518,NaN,NaN,NaN,NaN,NaN,.06456870856214489,NaN,NaN,NaN,NaN,NaN,NaN,-.040397812653730165,NaN,-.04088518119571004,NaN,NaN,-.03374089902098319,NaN,NaN,NaN,-.09693572343461443,NaN,NaN,-.05246895421666921,-.048036839884211,NaN,NaN,NaN,NaN,-.057561710625271975,-.14237103703453335,NaN,NaN,.04144257778730094,NaN,NaN,NaN,-.12570897519696245,NaN,NaN,NaN,NaN,.11739979001129079,NaN,NaN,-.07282623577717623,NaN,NaN,NaN,NaN,NaN,NaN,NaN,NaN,NaN,NaN,NaN,NaN,NaN,NaN,NaN
NaN,NaN,NaN,NaN,NaN,NaN,NaN,NaN,NaN,NaN,NaN,NaN,NaN,NaN,NaN,NaN,-.0174161358012521,NaN,NaN,NaN,NaN,.030392878576026704,NaN,.06852899604618379,.06312151829960214,NaN,NaN,.034951094213078904,NaN,.15870388906494393,NaN,NaN,NaN,NaN,NaN,NaN,NaN,NaN,NaN,.11706594659518466,NaN,-.008283535563599308,NaN,NaN,NaN,NaN,.0653564557720627,.04936906081556247,.07532243554322293,NaN,NaN,.11918832811341745,.21193327174632265,.03394350967758762,NaN,NaN,.07218063748678673,NaN,NaN,NaN,NaN,NaN,.024323654870260898,NaN,NaN,.16979624519406927,NaN,NaN,NaN,.3547784467545293,NaN,NaN,NaN,.06364485486425657,.07114211339568974,NaN,NaN,NaN,NaN,.5158914378893475,NaN,NaN,NaN,NaN,NaN,NaN,NaN,NaN,.1071480631424441,NaN,NaN,NaN,NaN,NaN,NaN,NaN,NaN,NaN,.13001831983059872,NaN
NaN,-.05907989284864269,NaN,NaN,NaN,NaN,NaN,NaN,NaN,NaN,NaN,NaN,NaN,NaN,NaN,NaN,NaN,-.11320467074393967,NaN,NaN,NaN,NaN,NaN,NaN,NaN,NaN,NaN,-.05299463272771032,-.0906526390277348,NaN,-.11616645207967954,NaN,NaN,-.10937344045248593,NaN,NaN,NaN,-.13002009626755076,NaN,NaN,NaN,NaN,NaN,-.08098124633515102,-.14219546903986843,NaN,NaN,NaN,-.06368385328041501,NaN,NaN,NaN,-.0857758427664434,NaN,NaN,-.07240472777654908,NaN,NaN,NaN,NaN,-.09828165088846236,NaN,NaN,NaN,-.09770455783302417,NaN,-.05817805199634944,NaN,NaN,-.1091242224910001,-.04822268767769343,-.14136817560216128,NaN,NaN,NaN,NaN,NaN,-.11406782980136762,NaN,NaN,NaN,NaN,NaN,NaN,NaN,NaN,-.1050245630719421,NaN,NaN,NaN,-.04608516049540232,NaN,NaN,NaN,NaN,NaN,NaN,NaN,NaN,NaN
NaN,NaN,NaN,.069429036333815,.09838928717418184,.07416434081228028,NaN,.014987188809151335,NaN,NaN,NaN,NaN,NaN,NaN,NaN,-.09272636742970154,NaN,.09689619140388461,NaN,NaN,.06628511393877219,NaN,NaN,NaN,NaN,NaN,NaN,NaN,-.06234484829416345,NaN,NaN,.02372951625868764,NaN,NaN,NaN,NaN,NaN,NaN,NaN,NaN,NaN,NaN,NaN,NaN,-.021547742596163155,.08765121070295995,NaN,NaN,.046097044226409783,NaN,NaN,NaN,-.007502813020332417,NaN,NaN,NaN,.04724296889288301,NaN,.026754144724868572,NaN,NaN,NaN,NaN,NaN,NaN,NaN,.05321248743698268,NaN,NaN,NaN,NaN,NaN,NaN,.10087587462683911,NaN,NaN,.03079698481949985,NaN,-.008882050128324532,NaN,NaN,.05497177468150136,NaN,NaN,.012596023136412147,NaN,NaN,NaN,NaN,NaN,NaN,NaN,NaN,.021210060043395953,NaN,NaN,.0825077306394493,.061927962568499306,NaN,NaN
NaN,-.06554188733786108,NaN,-.0908667336656934,NaN,NaN,NaN,-.06556024573131741,NaN,NaN,NaN,NaN,-.114769964346555,NaN,NaN,-.20249722664735337,NaN,NaN,-.10845115019360815,-.1508756532587747,NaN,NaN,-.4292362024818289,NaN,NaN,NaN,NaN,NaN,NaN,NaN,NaN,NaN,NaN,NaN,NaN,NaN,-.16392055054375904,NaN,-.12251460396664521,NaN,NaN,NaN,-.09042226206106012,-.09464594640958324,NaN,NaN,NaN,NaN,-.02634315525708587,NaN,NaN,NaN,NaN,NaN,NaN,NaN,NaN,NaN,-.03594090269798543,NaN,NaN,NaN,-.133217648208227,NaN,NaN,NaN,-.004962155066682943,NaN,NaN,-.17197879064490396,NaN,NaN,NaN,NaN,NaN,NaN,NaN,NaN,NaN,NaN,NaN,NaN,NaN,NaN,-.07929439658901713,NaN,NaN,-.13434621087234397,NaN,NaN,NaN,NaN,NaN,-.0942539733999148,NaN,-.1778101832436004,-.2146226322155118,NaN,NaN,NaN
NaN,.2368053179302838,NaN,NaN,NaN,NaN,NaN,NaN,.21343545165126282,NaN,NaN,.07574231691395743,NaN,NaN,NaN,NaN,NaN,NaN,NaN,.39800048669677524,NaN,.9689236159948964,.017679191485775986,NaN,NaN,NaN,NaN,NaN,NaN,NaN,NaN,NaN,NaN,NaN,.48073928197103094,NaN,NaN,NaN,NaN,.4466224918580437,NaN,NaN,NaN,NaN,.41306257176441896,NaN,NaN,NaN,NaN,.31081084896774563,NaN,NaN,NaN,NaN,.3285482919237545,.22594293503678858,NaN,NaN,NaN,.23879105458365152,NaN,NaN,NaN,NaN,NaN,NaN,NaN,NaN,.4932628892677424,NaN,NaN,.45670429407146,NaN,NaN,NaN,NaN,.4272776308701737,NaN,NaN,NaN,NaN,NaN,.3774683026724662,NaN,.6071648337835925,NaN,NaN,NaN,NaN,NaN,NaN,NaN,.25778349525770833,NaN,NaN,NaN,.3454935295595571,NaN,.5149435311311255,NaN
NaN,NaN,NaN,NaN,NaN,NaN,NaN,NaN,NaN,NaN,NaN,NaN,NaN,NaN,-.4574207693607372,NaN,NaN,NaN,-.5906123839481139,NaN,.01879311778794717,NaN,NaN,NaN,NaN,NaN,-.04980816532729381,NaN,NaN,NaN,NaN,NaN,-.4903065312287951,-.041629590394592124,NaN,NaN,NaN,-.037444717557213694,NaN,-.3682565065416311,NaN,NaN,NaN,NaN,NaN,NaN,NaN,NaN,NaN,.030786143772802685,NaN,NaN,NaN,-.0746324480139314,NaN,NaN,NaN,-.46716959387006407,NaN,NaN,NaN,NaN,NaN,NaN,NaN,NaN,NaN,NaN,NaN,NaN,NaN,NaN,NaN,NaN,.04261182189313804,NaN,NaN,NaN,NaN,NaN,NaN,NaN,NaN,NaN,NaN,NaN,NaN,NaN,NaN,NaN,NaN,-.06708443237082642,NaN,NaN,NaN,NaN,NaN,NaN,NaN,-.36812325723777134
NaN,NaN,NaN,NaN,NaN,NaN,NaN,NaN,NaN,NaN,NaN,NaN,.12359083380382355,.10505811802268447,NaN,.5232777027969129,.03413035480205861,NaN,.3178599799648276,NaN,.350417116786982,NaN,NaN,NaN,NaN,NaN,NaN,NaN,NaN,NaN,NaN,NaN,NaN,.1301382261518218,.3144373945935277,NaN,NaN,NaN,.10290367183980427,NaN,NaN,.07541809559548752,NaN,NaN,NaN,NaN,NaN,NaN,NaN,NaN,NaN,NaN,NaN,NaN,NaN,.06398729377087736,NaN,NaN,NaN,NaN,NaN,NaN,NaN,NaN,NaN,NaN,.10429953741446531,NaN,.29290339301876417,NaN,NaN,NaN,NaN,NaN,NaN,NaN,NaN,NaN,NaN,.2510342084585429,NaN,NaN,NaN,NaN,NaN,.2530413278263712,.6417351200833737,NaN,NaN,NaN,.12605030370052742,NaN,NaN,NaN,NaN,.3564277623420016,NaN,NaN,NaN,NaN
NaN,NaN,NaN,NaN,NaN,NaN,NaN,NaN,NaN,NaN,NaN,NaN,NaN,NaN,.08333265674798815,NaN,-.016674324621226547,NaN,NaN,NaN,NaN,-.11986242766870552,NaN,NaN,NaN,NaN,-.02014313606560046,NaN,NaN,NaN,NaN,NaN,-.0759510425441161,NaN,-.04196044084841548,NaN,-.05143529119164685,NaN,NaN,-.08666719432309064,NaN,NaN,NaN,NaN,NaN,NaN,NaN,.08183299044438747,-.037782866961765055,NaN,NaN,.06576748632720206,NaN,NaN,-.0028941604608355292,NaN,NaN,-.08011161120872984,NaN,NaN,NaN,NaN,NaN,NaN,NaN,NaN,NaN,NaN,NaN,NaN,NaN,NaN,NaN,.015313783479048857,-.010704937495946799,NaN,NaN,-.05361707474032709,.0007876098274062675,.022950573735343698,NaN,.051677530425310716,NaN,-.04466643126346132,-.12558346578021556,NaN,NaN,NaN,NaN,NaN,NaN,NaN,NaN,NaN,NaN,NaN,NaN,.032454349526252646,-.0038665516024680505,NaN
-.07838080412924885,-.05733693381529386,NaN,NaN,NaN,NaN,NaN,NaN,NaN,NaN,-.05229533911159561,NaN,-.08574332162221374,NaN,NaN,NaN,-.13836237459712453,-.20168861743670646,-.3059242612051965,NaN,NaN,NaN,NaN,NaN,-.13289472962756954,NaN,NaN,NaN,NaN,NaN,NaN,NaN,NaN,NaN,NaN,-.08786301652656542,-.25197211718421075,NaN,NaN,NaN,NaN,-.05187357326840369,NaN,.03535034694850937,NaN,NaN,-.07735151204571408,NaN,NaN,NaN,-.14773544668963323,NaN,-.1140387783588255,NaN,-.1511387845073411,NaN,NaN,NaN,NaN,NaN,-.14087789917686766,NaN,NaN,-.08424411508756462,-.128614203513815,NaN,NaN,-.21503024080684563,NaN,NaN,NaN,NaN,NaN,NaN,NaN,NaN,-.12845186276655862,NaN,NaN,NaN,-.10533018792378913,NaN,NaN,NaN,-.21881106859223404,NaN,NaN,-.05648320779864813,NaN,NaN,NaN,-.10530889989223757,NaN,NaN,-.04722094254507288,NaN,NaN,-.020490549921807717,NaN,NaN
NaN,NaN,.06383548765319196,NaN,NaN,NaN,NaN,.04015180651963637,NaN,NaN,NaN,NaN,NaN,NaN,NaN,NaN,NaN,NaN,NaN,NaN,-.030124744542204707,NaN,NaN,NaN,-.07889164050679782,-.03568491422106547,NaN,-.0733045079262694,NaN,NaN,NaN,NaN,NaN,NaN,NaN,NaN,NaN,-.08491982894401817,NaN,NaN,-.009362867956467857,.01778986410225082,NaN,NaN,NaN,NaN,NaN,NaN,.005859243127669507,NaN,NaN,NaN,NaN,NaN,NaN,-.05530324523657756,NaN,-.113017229738967,NaN,NaN,NaN,-.02404337386753992,NaN,NaN,NaN,NaN,NaN,NaN,NaN,NaN,NaN,NaN,NaN,-.03281826148033444,-.034697072324940445,NaN,.019309327128723977,NaN,NaN,NaN,NaN,NaN,NaN,NaN,NaN,NaN,NaN,NaN,NaN,NaN,NaN,NaN,NaN,NaN,NaN,-.3223246973452,NaN,NaN,NaN,NaN
NaN,NaN,NaN,NaN,NaN,NaN,-.4792870554891734,NaN,.012736820087779875,NaN,NaN,NaN,NaN,NaN,NaN,.008157510875377944,NaN,NaN,NaN,NaN,NaN,NaN,NaN,NaN,NaN,-.09082067682723308,-.03368890634659084,NaN,NaN,NaN,NaN,NaN,NaN,NaN,NaN,-.008585936690540967,NaN,-.023240808775556225,NaN,-.1971832938116519,NaN,NaN,NaN,NaN,NaN,NaN,NaN,NaN,NaN,NaN,NaN,NaN,NaN,NaN,NaN,-.03589250390194531,NaN,NaN,.02626210820854901,-.0600694962620905,-.146688872948999,NaN,NaN,NaN,NaN,NaN,NaN,NaN,NaN,NaN,NaN,-.25998214914668377,-.011395819706094996,-.03181899394226633,NaN,NaN,NaN,NaN,NaN,NaN,-.022762239206971444,.01921106358131139,NaN,NaN,.09562063069579622,NaN,NaN,NaN,NaN,NaN,NaN,NaN,NaN,NaN,NaN,NaN,NaN,NaN,NaN,NaN
-.19012680589939346,-.1263722930354446,NaN,NaN,-.13598060367089776,NaN,NaN,NaN,NaN,NaN,NaN,-.03502265810047854,-.16269296252432153,NaN,NaN,NaN,NaN,-.20577415310319289,NaN,-.0840745341309905,NaN,-.2297038803985485,NaN,NaN,NaN,NaN,NaN,NaN,NaN,NaN,NaN,NaN,NaN,NaN,NaN,NaN,NaN,NaN,NaN,-.08107947534487274,NaN,NaN,NaN,NaN,NaN,NaN,NaN,-.03119791469750853,NaN,NaN,NaN,NaN,.01282278535080078,NaN,NaN,NaN,NaN,NaN,NaN,-.17493293553999464,NaN,NaN,NaN,NaN,-.1578629477729051,NaN,NaN,NaN,NaN,NaN,.1049162802088297,NaN,NaN,NaN,-.003629332760082815,NaN,-.1316149911653926,NaN,NaN,NaN,NaN,NaN,NaN,NaN,NaN,NaN,-.05821591300964406,-.1146791334723046,NaN,NaN,NaN,NaN,NaN,-.11949477254434356,-.1400593544381839,NaN,NaN,-.03535389160784491,-.03402112221043328,NaN
NaN,NaN,NaN,NaN,-.03053064561773558,-.15633630775739096,NaN,NaN,NaN,NaN,NaN,NaN,NaN,NaN,NaN,NaN,NaN,NaN,-.08703417096901274,NaN,NaN,NaN,NaN,NaN,NaN,NaN,NaN,NaN,NaN,-.004696996186732819,-.10393065458957236,NaN,NaN,-.10938906940051268,NaN,-.0668484252502593,NaN,NaN,NaN,-.06528796116237343,-.11584026613122361,NaN,NaN,NaN,NaN,NaN,-.11373844437240416,NaN,NaN,NaN,-.10171616188890266,NaN,NaN,NaN,NaN,NaN,NaN,-.03430809465390901,NaN,NaN,NaN,NaN,NaN,NaN,NaN,NaN,NaN,-.07999584490794726,NaN,NaN,NaN,-.047805836454942394,NaN,NaN,NaN,NaN,NaN,NaN,NaN,NaN,NaN,.037672621849197105,.004699071790416698,NaN,NaN,NaN,NaN,NaN,NaN,.061858929071893685,NaN,NaN,-.10891492330436814,NaN,NaN,NaN,NaN,NaN,NaN,-.09918328240553187
NaN,NaN,NaN,NaN,-.04952142226690485,NaN,-.002139357483576451,NaN,NaN,-.021232635430045554,NaN,NaN,NaN,NaN,NaN,NaN,NaN,NaN,NaN,.05603362851144999,NaN,NaN,NaN,-.05211979547191511,NaN,NaN,-.04710039506768796,NaN,-.0157576701747809,NaN,NaN,.003898052132694785,NaN,NaN,NaN,NaN,NaN,NaN,.01919417709892366,NaN,NaN,NaN,NaN,NaN,NaN,NaN,NaN,NaN,NaN,-.0750007200325938,NaN,NaN,NaN,NaN,NaN,NaN,NaN,NaN,NaN,NaN,NaN,NaN,-.09925137383014417,NaN,NaN,NaN,-.01125180007124238,NaN,.019532071448819188,NaN,NaN,NaN,NaN,NaN,NaN,NaN,NaN,NaN,NaN,-.032038881481985,NaN,NaN,NaN,-.05758220760819876,NaN,.010841021144361418,NaN,NaN,-.0011255324313892007,.03969374445791586,NaN,NaN,NaN,NaN,NaN,NaN,-.01074385020542673,NaN,NaN,NaN
NaN,NaN,NaN,-.07194667030631847,-.14945038053989707,NaN,NaN,NaN,NaN,NaN,NaN,NaN,NaN,NaN,NaN,NaN,NaN,NaN,NaN,NaN,NaN,-.26443948032201897,NaN,NaN,NaN,-.17122504444239553,NaN,NaN,NaN,NaN,NaN,NaN,NaN,NaN,NaN,NaN,NaN,NaN,NaN,NaN,NaN,NaN,NaN,NaN,NaN,NaN,NaN,NaN,NaN,NaN,NaN,NaN,NaN,-.08111400153929786,NaN,NaN,NaN,NaN,NaN,NaN,NaN,NaN,NaN,-.17533880483726869,NaN,-.16493141896544014,NaN,NaN,NaN,-.14671803957477403,NaN,NaN,NaN,NaN,NaN,NaN,NaN,NaN,NaN,NaN,NaN,NaN,NaN,NaN,NaN,NaN,NaN,NaN,NaN,-.07464316903861386,NaN,NaN,NaN,NaN,-.05191221220560955,NaN,-.17274835322249393,NaN,NaN,NaN
NaN,NaN,NaN,NaN,-.09777813100066807,-.2553918259243258,NaN,NaN,NaN,NaN,NaN,NaN,-.14431408184208988,NaN,NaN,NaN,NaN,-.17004404294944303,NaN,NaN,NaN,NaN,-.25768719259077494,NaN,NaN,NaN,NaN,NaN,NaN,-.19575591739307055,NaN,NaN,NaN,NaN,NaN,NaN,NaN,-.1969201928228275,NaN,NaN,NaN,NaN,-.19773921773362665,NaN,-.27574847486746823,NaN,NaN,-.12583323309296726,NaN,-.16228002120175428,NaN,-.1620194460775417,NaN,NaN,NaN,NaN,NaN,NaN,NaN,NaN,NaN,NaN,-.20473102294289725,-.17513329435484715,NaN,-.2040434246289631,NaN,NaN,NaN,NaN,NaN,NaN,-.07506700925018046,NaN,NaN,-.23409047174283187,NaN,NaN,-.1182406092596587,NaN,NaN,NaN,-.10893625221407591,-.10772691903745069,NaN,-.08366314323030931,NaN,NaN,NaN,NaN,-.08456863344917845,NaN,NaN,NaN,NaN,NaN,NaN,NaN,NaN,-.1866623702173726
NaN,NaN,-.1050529983398086,NaN,NaN,NaN,NaN,NaN,NaN,-.1316785683097885,-.10248123144499041,NaN,NaN,NaN,NaN,NaN,-.11855416464179558,NaN,NaN,NaN,NaN,NaN,NaN,-.09071117489326566,NaN,NaN,NaN,NaN,NaN,NaN,NaN,NaN,NaN,NaN,NaN,NaN,-.11855674574516034,NaN,NaN,NaN,NaN,NaN,NaN,-.10090356679923665,NaN,NaN,NaN,NaN,NaN,NaN,-.10452852450062788,NaN,NaN,NaN,NaN,NaN,NaN,NaN,NaN,NaN,NaN,NaN,NaN,NaN,NaN,NaN,NaN,NaN,NaN,NaN,-.030076543655704755,NaN,NaN,-.10647756110686576,NaN,NaN,NaN,NaN,-.09464862712811715,NaN,NaN,NaN,NaN,-.09024934400101287,NaN,NaN,NaN,NaN,NaN,NaN,NaN,-.10200175822088935,NaN,NaN,NaN,NaN,-.07375753085549809,NaN,NaN,NaN
NaN,NaN,NaN,NaN,NaN,NaN,-.2291612344231071,NaN,-.019018797486430546,-.2492364376102046,-.10129962640033274,-.042522488631868145,NaN,-.030805099033988013,-.2751308632986726,NaN,NaN,NaN,NaN,NaN,NaN,NaN,NaN,-.010405734453315642,NaN,NaN,NaN,.034685528178634205,NaN,-.3236490861105219,NaN,NaN,NaN,NaN,NaN,-.07578935406381923,NaN,NaN,NaN,NaN,NaN,NaN,NaN,NaN,NaN,NaN,NaN,NaN,NaN,NaN,NaN,NaN,NaN,NaN,NaN,NaN,NaN,NaN,NaN,NaN,NaN,NaN,-.14335936477539837,-.0430090805011975,NaN,-.24261010450828,-.004308516628914585,NaN,NaN,NaN,NaN,NaN,-.08600304928943331,NaN,-.19349875753434218,NaN,NaN,NaN,NaN,NaN,NaN,NaN,NaN,NaN,NaN,NaN,-.2953868504440762,-.060644551710546814,NaN,NaN,NaN,NaN,-.16946018714149433,-.19961302057795183,.06375025362700451,NaN,-.17783841513194426,NaN,NaN,.04653864581260919
-.15373840749401801,NaN,NaN,-.11431708894096346,NaN,NaN,NaN,NaN,-.15331660646042877,NaN,NaN,NaN,NaN,NaN,NaN,NaN,NaN,NaN,NaN,NaN,NaN,-.4519037832285554,-.2015877440926869,NaN,NaN,NaN,NaN,NaN,NaN,NaN,NaN,-.19742561432792502,NaN,NaN,NaN,NaN,NaN,NaN,NaN,NaN,NaN,NaN,-.1603306176245731,NaN,NaN,NaN,NaN,NaN,NaN,NaN,NaN,NaN,NaN,NaN,NaN,NaN,NaN,NaN,NaN,NaN,NaN,NaN,NaN,NaN,NaN,NaN,-.08820877949148821,NaN,NaN,NaN,NaN,NaN,NaN,NaN,NaN,NaN,NaN,NaN,NaN,-.1603627222852208,NaN,NaN,NaN,NaN,NaN,NaN,NaN,NaN,NaN,NaN,NaN,NaN,NaN,NaN,-.13260878641322338,-.15350345150133032,NaN,NaN,NaN,-.1576336529339768
NaN,-.05784106210068846,NaN,NaN,NaN,NaN,NaN,NaN,NaN,NaN,-.09446337321257438,NaN,NaN,NaN,NaN,-.08967490682869317,NaN,NaN,NaN,-.01612013508022507,NaN,NaN,NaN,NaN,.001882246669761653,NaN,NaN,-.010443109884034449,-.13658891765888745,NaN,NaN,NaN,NaN,NaN,-.05026173131771509,NaN,-.10163172641648016,NaN,-.040684118797163535,NaN,NaN,NaN,NaN,NaN,NaN,NaN,NaN,NaN,NaN,NaN,NaN,NaN,NaN,NaN,NaN,NaN,NaN,NaN,NaN,NaN,NaN,NaN,NaN,NaN,NaN,NaN,NaN,NaN,NaN,NaN,NaN,-.03757805823528345,.017818297640155384,NaN,NaN,NaN,NaN,NaN,NaN,NaN,NaN,.018444370268615982,NaN,NaN,NaN,NaN,NaN,NaN,NaN,NaN,-.0383500409015278,-.07980064200474674,NaN,NaN,NaN,NaN,NaN,NaN,NaN,NaN
NaN,NaN,NaN,NaN,NaN,NaN,NaN,NaN,.047689955630795616,.014279389464628714,NaN,NaN,NaN,-.006495281703164796,NaN,NaN,NaN,NaN,.09738410341131895,NaN,NaN,.6981830915493477,NaN,NaN,NaN,NaN,NaN,NaN,NaN,.08078528760701045,.4199363212101177,.2127503822246058,.07956236704687661,NaN,NaN,NaN,NaN,NaN,NaN,NaN,NaN,.031240991679966516,NaN,.015421867703613229,NaN,NaN,NaN,NaN,NaN,.05518976445665049,NaN,.1099232793909143,NaN,NaN,NaN,NaN,-.0004185263495126018,.06427175508950658,.04445941848867033,NaN,NaN,.011621262289436407,NaN,NaN,NaN,NaN,NaN,NaN,NaN,NaN,NaN,NaN,NaN,NaN,NaN,NaN,NaN,NaN,NaN,NaN,NaN,NaN,NaN,NaN,.2436531916236736,NaN,NaN,NaN,NaN,NaN,.03984784806516138,NaN,NaN,NaN,.041865272667914094,NaN,NaN,NaN,NaN,NaN
-.12739571984674672,NaN,NaN,NaN,NaN,NaN,-.0582794768824996,NaN,NaN,NaN,NaN,NaN,NaN,-.16712201997987988,NaN,NaN,NaN,-.15397717314208148,NaN,NaN,NaN,NaN,-.18861833768558678,NaN,NaN,NaN,-.1026204261446818,NaN,NaN,NaN,NaN,NaN,-.07895783793071857,NaN,NaN,NaN,NaN,NaN,NaN,NaN,NaN,NaN,NaN,NaN,NaN,NaN,NaN,NaN,NaN,NaN,NaN,NaN,NaN,NaN,NaN,NaN,NaN,NaN,NaN,-.07606675318677283,NaN,NaN,NaN,NaN,NaN,NaN,NaN,-.1775793755745545,NaN,-.17396240417178077,-.10189623293109298,NaN,NaN,-.12837119678257677,-.12575639122430887,NaN,NaN,NaN,-.08815804448170476,NaN,NaN,NaN,NaN,-.09383218327031465,NaN,NaN,NaN,-.1313632814058903,NaN,NaN,NaN,NaN,NaN,NaN,NaN,NaN,-.13394852590205603,-.05987751260933408,NaN,NaN
NaN,NaN,NaN,NaN,NaN,NaN,NaN,NaN,NaN,NaN,NaN,NaN,NaN,NaN,NaN,NaN,NaN,NaN,NaN,NaN,.07913566386722519,NaN,NaN,NaN,NaN,NaN,NaN,NaN,NaN,NaN,NaN,NaN,NaN,NaN,NaN,.13122581334335323,.13386823927163835,.045172342417305555,.09185780622816798,NaN,NaN,NaN,NaN,NaN,NaN,.07710982932110938,.09155543346433381,NaN,NaN,NaN,NaN,NaN,NaN,NaN,NaN,NaN,NaN,NaN,NaN,NaN,NaN,NaN,NaN,NaN,NaN,NaN,NaN,.13406041527930726,NaN,NaN,NaN,NaN,NaN,NaN,NaN,NaN,NaN,NaN,NaN,NaN,.08374149073698214,NaN,.008662419716050473,NaN,NaN,NaN,NaN,NaN,-.009524309332257778,NaN,.07073723387743217,NaN,.058212075648494364,NaN,NaN,NaN,NaN,NaN,NaN,NaN
NaN,-.10444474731086331,NaN,NaN,NaN,NaN,NaN,NaN,NaN,NaN,-.13571910741541743,NaN,NaN,-.1350354743831979,-.2805726450361281,NaN,NaN,-.18634243683247848,NaN,NaN,-.18812093846374692,NaN,NaN,NaN,NaN,-.2672541583979507,NaN,NaN,NaN,NaN,-.0967290094265312,NaN,NaN,NaN,NaN,NaN,NaN,NaN,NaN,NaN,-.11176584187735747,NaN,-.1336353418685624,NaN,-.26887441921700883,-.1443016685257378,NaN,NaN,NaN,-.1364599020254008,NaN,NaN,NaN,NaN,NaN,NaN,NaN,NaN,-.06339018693677534,NaN,NaN,NaN,NaN,NaN,NaN,NaN,NaN,NaN,NaN,NaN,NaN,NaN,NaN,NaN,NaN,NaN,NaN,-.27405107142735496,NaN,NaN,NaN,NaN,NaN,NaN,NaN,NaN,NaN,NaN,NaN,NaN,NaN,NaN,NaN,NaN,NaN,-.11938016757932267,NaN,-.052859976266244744,NaN,NaN
-.029454072879612582,NaN,NaN,NaN,NaN,NaN,-.09500524971366447,NaN,NaN,NaN,NaN,NaN,NaN,NaN,NaN,-.06591628449480112,NaN,NaN,NaN,NaN,NaN,NaN,NaN,NaN,NaN,NaN,NaN,-.027593675307283787,NaN,NaN,NaN,NaN,-.08250227549471072,NaN,-.10551248806002209,NaN,NaN,NaN,NaN,NaN,NaN,NaN,-.07502455072687718,NaN,NaN,NaN,NaN,NaN,NaN,NaN,NaN,-.08931608555017587,NaN,NaN,NaN,NaN,NaN,-.10252385596491426,NaN,.12871183579422746,NaN,NaN,NaN,-.11880919590750257,NaN,-.15304917946341845,NaN,.07157862682715481,NaN,NaN,NaN,NaN,NaN,NaN,NaN,NaN,NaN,NaN,.13557254127210494,.038314073308558204,NaN,NaN,NaN,NaN,NaN,NaN,NaN,-.10290427185043108,.06608751112235338,NaN,.011483497292926203,-.02515020034644909,NaN,NaN,-.013929876887950578,NaN,NaN,NaN,NaN,NaN
NaN,NaN,NaN,-.12235052518958683,NaN,-.16531981762126707,NaN,-.15223416649762642,NaN,NaN,NaN,-.06701968458131285,-.14155565745628168,-.09710619920862905,NaN,NaN,NaN,NaN,NaN,NaN,NaN,NaN,-.1809745310842234,NaN,-.25635842396167313,NaN,NaN,NaN,NaN,-.05261482731667499,NaN,NaN,-.03833881299983656,NaN,NaN,NaN,NaN,NaN,NaN,NaN,NaN,NaN,NaN,NaN,NaN,NaN,-.13978481172369567,.009134806044842576,NaN,NaN,NaN,NaN,NaN,-.18226725328886656,-.19831703985617694,NaN,-.10142120507339403,NaN,NaN,NaN,-.2628855579741979,-.13263916221254657,NaN,NaN,-.15564565159020372,-.08844670655680563,NaN,NaN,-.18386742790449156,NaN,NaN,-.07068362065678084,NaN,NaN,NaN,NaN,NaN,NaN,NaN,NaN,NaN,NaN,NaN,-.09624954722887097,NaN,-.11507605563131734,NaN,NaN,NaN,NaN,NaN,NaN,NaN,-.16739189688234626,NaN,NaN,NaN,NaN,NaN,NaN
NaN,NaN,NaN,NaN,NaN,NaN,NaN,NaN,NaN,NaN,NaN,NaN,NaN,-.1314668117603661,-.19675841527145288,NaN,NaN,NaN,NaN,NaN,NaN,NaN,NaN,NaN,NaN,NaN,NaN,NaN,NaN,NaN,NaN,NaN,NaN,NaN,NaN,NaN,NaN,NaN,NaN,NaN,NaN,-.023140076799192732,NaN,NaN,-.3426505638708631,-.09758519156458526,NaN,NaN,NaN,-.23162202119227954,NaN,NaN,NaN,NaN,NaN,NaN,-.1517701214475222,NaN,NaN,NaN,-.10637921997836386,NaN,NaN,NaN,NaN,NaN,NaN,NaN,NaN,NaN,NaN,NaN,NaN,NaN,NaN,-.24440739650585874,NaN,-.19320937248637207,NaN,NaN,NaN,NaN,NaN,NaN,NaN,NaN,NaN,-.07381350858385421,NaN,-.025252474137406833,NaN,NaN,NaN,NaN,NaN,NaN,NaN,NaN,-.26767651093874373,NaN
NaN,NaN,-.16397515586684136,NaN,NaN,NaN,NaN,NaN,NaN,NaN,NaN,-.06684302549750068,NaN,NaN,NaN,-.430515111665677,NaN,NaN,NaN,NaN,NaN,-.4158522746107416,NaN,-.13200626648553399,-.43130663710230827,-.10895955798723854,NaN,NaN,NaN,-.22818091951938524,NaN,NaN,-.15473448156701886,NaN,NaN,NaN,NaN,NaN,-.06346419350560684,NaN,NaN,NaN,NaN,NaN,NaN,NaN,-.15928094224799527,NaN,NaN,NaN,-.1624688271596663,NaN,NaN,NaN,NaN,NaN,NaN,NaN,NaN,NaN,-.34403369239024756,-.15330995127518354,NaN,NaN,NaN,NaN,NaN,NaN,NaN,NaN,NaN,NaN,-.24513517136710014,NaN,NaN,-.3117877848265488,NaN,-.1546868522760951,NaN,NaN,NaN,NaN,NaN,NaN,NaN,-.20386219003319284,NaN,NaN,NaN,NaN,NaN,-.15544074277488365,NaN,NaN,NaN,NaN,NaN,NaN,NaN,NaN
NaN,NaN,NaN,NaN,NaN,.12313048397722892,NaN,NaN,NaN,NaN,NaN,-.014559579177573615,NaN,NaN,NaN,NaN,-.06443157789620987,NaN,NaN,NaN,NaN,NaN,NaN,-.04508310469417199,NaN,NaN,-.023994717654432805,NaN,NaN,.05816398773278858,NaN,NaN,NaN,-.034754305356939595,NaN,NaN,NaN,NaN,NaN,-.08032324437378727,-.020409192336750294,-.05078191359575716,NaN,NaN,NaN,NaN,NaN,NaN,NaN,NaN,-.018913497145954215,NaN,-.006754246207734658,NaN,NaN,-.01900203893240857,NaN,NaN,NaN,NaN,NaN,NaN,NaN,NaN,NaN,.021287962281382966,NaN,NaN,-.07654997479041473,NaN,NaN,NaN,NaN,NaN,NaN,-.11883240487376706,-.045720949628801716,NaN,NaN,NaN,NaN,NaN,.01964009287293743,NaN,NaN,-.17485032166049927,.038877576594313325,NaN,NaN,NaN,NaN,-.015160135476221179,NaN,NaN,NaN,.18184469545951445,NaN,NaN,-.020013748379366966,NaN
NaN,NaN,.2139717298251554,NaN,NaN,.32170452424568186,NaN,.07261579527229137,NaN,NaN,NaN,NaN,NaN,NaN,.4086876783864243,NaN,NaN,.035763651940086,.3492872107169066,.2539333959054577,NaN,NaN,NaN,NaN,NaN,NaN,NaN,NaN,NaN,NaN,NaN,NaN,NaN,NaN,NaN,NaN,NaN,NaN,NaN,NaN,.056869107877661675,NaN,.08502301508779245,NaN,NaN,NaN,NaN,NaN,NaN,NaN,NaN,.28501947895582946,NaN,NaN,.10154392189150929,NaN,NaN,.23083430153366508,NaN,NaN,NaN,NaN,NaN,NaN,NaN,NaN,NaN,NaN,.17075143934649306,NaN,NaN,NaN,NaN,NaN,.15253979436589898,.10743798261971081,.19074529323552503,NaN,.1450205051010287,NaN,NaN,.11411852760943406,NaN,.007106882806351019,NaN,NaN,NaN,NaN,NaN,.19064246191429865,NaN,NaN,NaN,.13086264284760088,NaN,NaN,NaN,.05926207565262983,NaN,NaN
