"predictor","neg_ratio","pos_ratio","standard_dev","mean","pos_ratio_adj","neg_ratio_adj"
"AG_L_to_IFG_opercularis_L",1.0,0.02,0.0006053545132689742,-0.0017090801353178402,"0.0889873417721519","1.0"
"AG_L_to_IFG_orbitalis_L",1.0,0.02,3.7620471413654744e-5,-0.00010922017404178801,"0.0889873417721519","1.0"
"AG_L_to_IFG_triangularis_L",1.0,0.02,0.0003046797596680214,-0.0009123771318713101,"0.0889873417721519","1.0"
"AG_L_to_LFOG_L",1.0,0.02,6.4455008275717e-6,-1.3643925439457768e-5,"0.0889873417721519","1.0"
"AG_L_to_MFG_DPFC_L",1.0,0.02,2.2332863940293738e-5,-6.428937427221322e-5,"0.0889873417721519","1.0"
"AG_L_to_MFG_L",1.0,0.02,0.00033756081543160433,-0.00109936195075677,"0.0889873417721519","1.0"
"AG_L_to_MFOG_L",1.0,0.02,6.017902396551759e-6,-1.5327642610464235e-5,"0.0889873417721519","1.0"
"AG_L_to_PoCG_L",1.0,0.02,0.00027358542722987546,-0.000693529915887174,"0.0889873417721519","1.0"
"AG_L_to_PrCG_L",1.0,0.02,0.0006073512556033217,-0.0017936792796025048,"0.0889873417721519","1.0"
"AG_L_to_SFG_L",0.9,0.12,0.00012944869941782856,-0.0002073698061505938,"0.3429268292682927","1.0"
"AG_L_to_SFG_PFC_L",1.0,0.02,2.2690787989164812e-5,-6.370926901146697e-5,"0.0889873417721519","1.0"
"AG_L_to_SFG_pole_L",0.98,0.04,7.035113982820718e-7,-1.1626085887819337e-6,"0.13650485436893203","1.0"
"AG_L_to_SMG_L",0.76,0.26,0.00019322875244009264,-4.9345829866562475e-5,"0.6175","1.0"
"AG_L_to_SPG_L",0.78,0.24,0.0002478827104904819,-0.00019278218610597182,"0.5817931034482758","1.0"
"Amyg_L_to_AG_L",0.2,0.82,3.537131605016143e-5,2.7849214261180095e-5,"1.0","0.407536231884058"
"Amyg_L_to_Cu_L",0.16,0.86,4.3439725834623466e-5,2.7878608455306585e-5,"1.0","0.3724503311258278"
"Amyg_L_to_ENT_L",0.02,1.0,0.00020260026311633402,0.0004201639619814921,"1.0","0.08127167630057804"
"Amyg_L_to_FuG_L",0.02,1.0,4.535327558688109e-5,0.00010537202330179088,"1.0","0.08127167630057804"
"Amyg_L_to_IFG_opercularis_L",1.0,0.02,1.2066751124208227e-6,-2.5396057317238857e-6,"0.0889873417721519","1.0"
"Amyg_L_to_IFG_orbitalis_L",1.0,0.02,1.5777743933546755e-6,-3.576281443121664e-6,"0.0889873417721519","1.0"
"Amyg_L_to_IFG_triangularis_L",0.86,0.16,6.143247041249502e-7,-6.204169977265508e-7,"0.44634920634920633","1.0"
"Amyg_L_to_ITG_L",0.32,0.7,0.00023440025915841105,8.828997729917053e-5,"1.0","0.5858333333333333"
"Amyg_L_to_Ins_L",0.3,0.72,1.0438329235591922e-5,4.742405153833128e-6,"1.0","0.555"
"Amyg_L_to_LFOG_L",0.02,1.0,5.586875714907826e-6,1.997057072514668e-5,"1.0","0.08127167630057804"
"Amyg_L_to_LG_L",0.88,0.14,1.963809955718783e-5,-1.685610945885609e-5,"0.3952610441767069","1.0"
"Amyg_L_to_MFG_DPFC_L",0.84,0.18,4.275030299600158e-7,-2.8427526642543387e-7,"0.4866923076923077","1.0"
"Amyg_L_to_MFG_L",0.94,0.08,8.858433424667772e-7,-1.0968505461797383e-6,"0.2383050847457627","1.0"
"Amyg_L_to_MFOG_L",0.2,0.82,2.162457400791636e-5,9.291862669108331e-6,"1.0","0.407536231884058"
"Amyg_L_to_MTG_L",0.02,1.0,0.000137004256155923,0.0003553766091690026,"1.0","0.08127167630057804"
"Amyg_L_to_MTG_L_pole",0.02,1.0,0.00035777650116657663,0.0007145743789210337,"1.0","0.08127167630057804"
"Amyg_L_to_PCC_L",0.44,0.58,3.2789783842515405e-5,1.3481295193026451e-5,"1.0","0.7752380952380952"
"Amyg_L_to_PHG_L",0.02,1.0,0.0005350810715430404,0.0010137295069127061,"1.0","0.08127167630057804"
"Amyg_L_to_PoCG_L",0.98,0.04,1.489846906944002e-5,-3.253859561038214e-5,"0.13650485436893203","1.0"
"Amyg_L_to_PrCG_L",1.0,0.02,2.5835085792534376e-6,-6.466843730226019e-6,"0.0889873417721519","1.0"
"Amyg_L_to_PrCu_L",0.72,0.3,2.36084026779e-5,4.682461064935997e-6,"0.7006644518272426","1.0"
"Amyg_L_to_SFG_L",0.94,0.08,1.0170812674780399e-6,-8.926758168690792e-7,"0.2383050847457627","1.0"
"Amyg_L_to_SFG_PFC_L",1.0,0.02,2.6595196554270913e-6,-5.510648716598976e-6,"0.0889873417721519","1.0"
"Amyg_L_to_SFG_pole_L",0.02,0.02,0.0,0.0,"0.0889873417721519","0.08127167630057804"
"Amyg_L_to_SMG_L",0.96,0.06,8.961280601844572e-6,-1.546720330411859e-5,"0.18830357142857143","1.0"
"Amyg_L_to_SPG_L",0.18,0.84,2.9002158902907523e-5,3.29265892925916e-5,"1.0","0.3979245283018868"
"Amyg_L_to_STG_L",0.16,0.86,0.00010254458088355306,9.516731503312142e-5,"1.0","0.3724503311258278"
"Amyg_L_to_STG_L_pole",0.02,1.0,0.0003745032486076708,0.0008442677027004603,"1.0","0.08127167630057804"
"Amyg_L_to_dorsal_ACC_L",0.22,0.8,1.969900117552896e-6,2.1200299659979715e-6,"1.0","0.43080779944289693"
"Amyg_L_to_rostral_ACC_L",0.78,0.24,7.532569054645556e-7,3.640687801745821e-9,"0.5817931034482758","1.0"
"Amyg_L_to_subcallosal_ACC_L",1.0,0.02,9.013227584687273e-7,-2.4577981249475334e-6,"0.0889873417721519","1.0"
"Amyg_L_to_subgenual_ACC_L",1.0,0.02,4.834699195964891e-5,-0.00010586690880250991,"0.0889873417721519","1.0"
"Cu_L_to_AG_L",0.02,1.0,8.308349339901242e-5,0.00016994975192824574,"1.0","0.08127167630057804"
"Cu_L_to_ENT_L",0.02,1.0,2.1144197265100348e-6,3.724500424700889e-6,"1.0","0.08127167630057804"
"Cu_L_to_FuG_L",0.72,0.3,0.0001792541638542106,-8.949085415369233e-5,"0.7006644518272426","1.0"
"Cu_L_to_IFG_opercularis_L",1.0,0.02,3.165484595109804e-6,-6.29962660972033e-6,"0.0889873417721519","1.0"
"Cu_L_to_IFG_orbitalis_L",1.0,0.02,4.3538129361433744e-5,-7.761084964988548e-5,"0.0889873417721519","1.0"
"Cu_L_to_IFG_triangularis_L",0.98,0.04,1.9255512232118278e-5,-3.243412934475928e-5,"0.13650485436893203","1.0"
"Cu_L_to_ITG_L",0.04,0.98,6.664979200607654e-5,0.00016169706317853148,"1.0","0.11070866141732283"
"Cu_L_to_LFOG_L",0.82,0.2,4.973776598954554e-6,-1.7787559991505057e-6,"0.5075812274368231","1.0"
"Cu_L_to_MFG_DPFC_L",0.98,0.04,3.87241700071373e-6,-2.821163157841972e-6,"0.13650485436893203","1.0"
"Cu_L_to_MFG_L",0.04,0.98,4.976783013783664e-6,8.709460007017862e-6,"1.0","0.11070866141732283"
"Cu_L_to_MFOG_L",1.0,0.02,7.479551980840341e-6,-1.59915923507182e-5,"0.0889873417721519","1.0"
"Cu_L_to_MTG_L",0.9,0.12,0.00010183360677396968,-0.00012072978371433917,"0.3429268292682927","1.0"
"Cu_L_to_MTG_L_pole",0.12,0.9,1.0890768065976867e-5,9.277814393367557e-6,"1.0","0.2980918727915194"
"Cu_L_to_PHG_L",0.04,0.98,3.256329107088652e-5,3.89121445414718e-5,"1.0","0.11070866141732283"
"Cu_L_to_PoCG_L",0.02,1.0,0.00010831037335164192,0.00021565973682214216,"1.0","0.08127167630057804"
"Cu_L_to_PrCG_L",0.02,1.0,0.00010285129169017745,0.00019976873613570002,"1.0","0.08127167630057804"
"Cu_L_to_PrCu_L",0.02,1.0,0.0007501537070626872,0.0018212258593634403,"1.0","0.08127167630057804"
"Cu_L_to_SFG_L",0.02,1.0,6.29863600205663e-5,0.00012912133144897186,"1.0","0.08127167630057804"
"Cu_L_to_SFG_PFC_L",0.12,0.9,5.183601654098423e-6,5.58886425441174e-6,"1.0","0.2980918727915194"
"Cu_L_to_SFG_pole_L",0.98,0.04,1.8832942400221053e-6,-2.9636122736601955e-6,"0.13650485436893203","1.0"
"Cu_L_to_SMG_L",0.04,0.98,7.099979144846207e-6,1.2601065735059415e-5,"1.0","0.11070866141732283"
"Cu_L_to_SPG_L",0.04,0.98,0.00012625442386980548,0.0002346095830432027,"1.0","0.11070866141732283"
"Cu_L_to_STG_L",1.0,0.02,0.00015097760113068622,-0.0002639029372763026,"0.0889873417721519","1.0"
"Cu_L_to_STG_L_pole",0.04,0.98,3.437078963541704e-5,4.5415443684281946e-5,"1.0","0.11070866141732283"
"ENT_L_to_AG_L",0.18,0.84,1.812189962372331e-6,2.2962284179254633e-6,"1.0","0.3979245283018868"
"ENT_L_to_IFG_opercularis_L",0.02,0.02,0.0,0.0,"0.0889873417721519","0.08127167630057804"
"ENT_L_to_IFG_orbitalis_L",0.02,0.02,0.0,0.0,"0.0889873417721519","0.08127167630057804"
"ENT_L_to_IFG_triangularis_L",0.02,0.02,0.0,0.0,"0.0889873417721519","0.08127167630057804"
"ENT_L_to_ITG_L",0.04,0.98,4.179798017324622e-5,9.386477677949162e-5,"1.0","0.11070866141732283"
"ENT_L_to_LFOG_L",0.02,0.98,3.721675570168923e-7,6.788065050792203e-7,"1.0","0.08127167630057804"
"ENT_L_to_MFG_DPFC_L",0.02,0.02,0.0,0.0,"0.0889873417721519","0.08127167630057804"
"ENT_L_to_MFG_L",0.02,0.02,0.0,0.0,"0.0889873417721519","0.08127167630057804"
"ENT_L_to_MFOG_L",0.02,0.02,0.0,0.0,"0.0889873417721519","0.08127167630057804"
"ENT_L_to_MTG_L",0.02,1.0,6.930294721254841e-6,1.4738018262715701e-5,"1.0","0.08127167630057804"
"ENT_L_to_MTG_L_pole",0.02,1.0,2.943638669734268e-5,5.236937377936299e-5,"1.0","0.08127167630057804"
"ENT_L_to_PHG_L",0.02,1.0,6.579621707716761e-5,0.00012316776841691116,"1.0","0.08127167630057804"
"ENT_L_to_PoCG_L",0.02,1.0,4.3893578615364096e-8,8.145156564033967e-8,"1.0","0.08127167630057804"
"ENT_L_to_PrCG_L",0.18,0.84,1.792063648508189e-7,1.3568896657113529e-7,"1.0","0.3979245283018868"
"ENT_L_to_PrCu_L",0.12,0.9,1.1315076067752917e-6,1.3925218069799031e-6,"1.0","0.2980918727915194"
"ENT_L_to_SFG_L",0.18,0.82,1.9576188818479722e-7,1.3783825043463672e-7,"1.0","0.3979245283018868"
"ENT_L_to_SFG_PFC_L",0.02,0.02,0.0,0.0,"0.0889873417721519","0.08127167630057804"
"ENT_L_to_SFG_pole_L",0.02,0.02,0.0,0.0,"0.0889873417721519","0.08127167630057804"
"ENT_L_to_SMG_L",0.18,0.82,4.1466289723822247e-7,2.919690283203595e-7,"1.0","0.3979245283018868"
"ENT_L_to_SPG_L",0.08,0.94,1.710770900894621e-6,2.7963624682785924e-6,"1.0","0.20907063197026024"
"ENT_L_to_STG_L",0.98,0.04,2.3720516056023218e-5,-4.126518147832794e-5,"0.13650485436893203","1.0"
"ENT_L_to_STG_L_pole",0.16,0.86,6.337413544772336e-6,1.060373702913345e-5,"1.0","0.3724503311258278"
"FuG_L_to_AG_L",0.34,0.68,6.390409202803353e-5,4.501471365836949e-5,"1.0","0.6176227390180878"
"FuG_L_to_ENT_L",0.02,1.0,4.0777583910982926e-5,8.364155244321846e-5,"1.0","0.08127167630057804"
"FuG_L_to_IFG_opercularis_L",0.2,0.82,4.471824145934803e-5,5.0166289252321e-5,"1.0","0.407536231884058"
"FuG_L_to_IFG_orbitalis_L",0.16,0.86,4.668536348795084e-5,2.523089732303513e-5,"1.0","0.3724503311258278"
"FuG_L_to_IFG_triangularis_L",0.04,0.98,5.104858603891885e-5,9.243280623214453e-5,"1.0","0.11070866141732283"
"FuG_L_to_ITG_L",0.04,0.98,0.00020433780533394853,0.0003306675504543153,"1.0","0.11070866141732283"
"FuG_L_to_LFOG_L",0.04,0.98,1.4563779292829488e-5,2.7357469302516813e-5,"1.0","0.11070866141732283"
"FuG_L_to_MFG_DPFC_L",0.02,1.0,0.00010629002600797019,0.0002559584176548048,"1.0","0.08127167630057804"
"FuG_L_to_MFG_L",0.2,0.82,3.1273196273419694e-5,3.8844945599522366e-5,"1.0","0.407536231884058"
"FuG_L_to_MFOG_L",1.0,0.02,4.329936307414387e-5,-9.070400523084406e-5,"0.0889873417721519","1.0"
"FuG_L_to_MTG_L",0.02,1.0,0.00047447229286713466,0.0013460480781913812,"1.0","0.08127167630057804"
"FuG_L_to_MTG_L_pole",0.02,1.0,0.0001837742455099154,0.000324308870511452,"1.0","0.08127167630057804"
"FuG_L_to_PHG_L",0.02,1.0,0.00032176655732797107,0.00075423338744713,"1.0","0.08127167630057804"
"FuG_L_to_PoCG_L",0.04,0.98,5.5890975438875745e-5,9.552740490533505e-5,"1.0","0.11070866141732283"
"FuG_L_to_PrCG_L",0.2,0.82,4.907062603557425e-5,5.916065006524257e-5,"1.0","0.407536231884058"
"FuG_L_to_PrCu_L",0.96,0.06,5.095122125792312e-5,-6.377812224757794e-5,"0.18830357142857143","1.0"
"FuG_L_to_SFG_L",0.2,0.82,1.1050341594620695e-5,1.563142173796592e-5,"1.0","0.407536231884058"
"FuG_L_to_SFG_PFC_L",0.02,1.0,0.00015400718989754924,0.00036066487585340284,"1.0","0.08127167630057804"
"FuG_L_to_SFG_pole_L",0.2,0.82,1.4936540026917074e-6,2.2245138924317522e-6,"1.0","0.407536231884058"
"FuG_L_to_SMG_L",0.2,0.82,7.282423586575e-5,0.00010049751486666715,"1.0","0.407536231884058"
"FuG_L_to_SPG_L",0.9,0.12,4.070330865614522e-5,-3.467196051017533e-5,"0.3429268292682927","1.0"
"FuG_L_to_STG_L",0.02,1.0,0.0005865666024964903,0.0015061222552788039,"1.0","0.08127167630057804"
"FuG_L_to_STG_L_pole",0.02,1.0,0.00012591863921405184,0.00033656684942140306,"1.0","0.08127167630057804"
"Hippo_L_to_AG_L",0.04,0.98,1.2982471771313322e-5,2.8984848457554244e-5,"1.0","0.11070866141732283"
"Hippo_L_to_Amyg_L",0.04,0.98,7.287493041396397e-5,0.00011711674064442372,"1.0","0.11070866141732283"
"Hippo_L_to_Cu_L",0.02,1.0,8.449180911269571e-5,0.00018534771698745442,"1.0","0.08127167630057804"
"Hippo_L_to_ENT_L",0.02,1.0,5.8089181591200544e-5,0.00016858332429207018,"1.0","0.08127167630057804"
"Hippo_L_to_FuG_L",0.02,1.0,0.00023739271472416484,0.000561084057425031,"1.0","0.08127167630057804"
"Hippo_L_to_IFG_opercularis_L",0.64,0.38,1.0720758681943104e-6,-6.496706374122009e-7,"0.8758688524590165","1.0"
"Hippo_L_to_IFG_orbitalis_L",0.98,0.04,5.5085666568425366e-5,-0.0001026033381294196,"0.13650485436893203","1.0"
"Hippo_L_to_IFG_triangularis_L",0.16,0.86,2.168983880568508e-5,3.9393311921626176e-5,"1.0","0.3724503311258278"
"Hippo_L_to_ITG_L",0.02,1.0,0.00035584513494502047,0.0008424950344215183,"1.0","0.08127167630057804"
"Hippo_L_to_Ins_L",0.1,0.92,1.595418659620499e-5,2.578345223530117e-5,"1.0","0.2556363636363636"
"Hippo_L_to_LFOG_L",0.98,0.04,1.1206392573471781e-5,-1.1245022216260288e-5,"0.13650485436893203","1.0"
"Hippo_L_to_LG_L",0.02,1.0,0.0005803487831499497,0.0013092746567470149,"1.0","0.08127167630057804"
"Hippo_L_to_MFG_DPFC_L",0.04,0.98,1.0515902171260776e-5,1.993410232974939e-5,"1.0","0.11070866141732283"
"Hippo_L_to_MFG_L",0.2,0.82,1.807388545274865e-6,2.9916708631392822e-6,"1.0","0.407536231884058"
"Hippo_L_to_MFOG_L",0.96,0.06,2.8184157715178706e-5,-2.60979829270589e-5,"0.18830357142857143","1.0"
"Hippo_L_to_MTG_L",0.02,1.0,0.00015533455391366854,0.0003728033699251229,"1.0","0.08127167630057804"
"Hippo_L_to_MTG_L_pole",0.16,0.86,0.00011775750806409457,0.00018028042720289104,"1.0","0.3724503311258278"
"Hippo_L_to_PCC_L",0.04,0.98,3.643255408757327e-5,6.747888739757877e-5,"1.0","0.11070866141732283"
"Hippo_L_to_PHG_L",0.02,1.0,0.00042883726436652623,0.0009039572990045258,"1.0","0.08127167630057804"
"Hippo_L_to_PoCG_L",0.98,0.04,5.073839316147599e-6,-1.1268044484328645e-5,"0.13650485436893203","1.0"
"Hippo_L_to_PrCG_L",0.24,0.78,1.4347339481243357e-6,1.134849357381509e-6,"1.0","0.4622465753424657"
"Hippo_L_to_PrCu_L",1.0,0.02,9.86158815541614e-6,-1.766702118845334e-5,"0.0889873417721519","1.0"
"Hippo_L_to_SFG_L",0.02,1.0,2.6257074299416265e-6,5.5110837512811375e-6,"1.0","0.08127167630057804"
"Hippo_L_to_SFG_PFC_L",0.04,0.98,1.559319080891758e-5,2.7779826980218388e-5,"1.0","0.11070866141732283"
"Hippo_L_to_SFG_pole_L",0.22,0.8,9.155912914501128e-7,1.2333431806831836e-6,"1.0","0.43080779944289693"
"Hippo_L_to_SMG_L",1.0,0.02,1.5999116300840987e-6,-3.922085981533491e-6,"0.0889873417721519","1.0"
"Hippo_L_to_SPG_L",0.04,0.98,3.375760026693189e-5,8.18878649959975e-5,"1.0","0.11070866141732283"
"Hippo_L_to_STG_L",0.02,1.0,0.00019493629547447455,0.00045286563026821885,"1.0","0.08127167630057804"
"Hippo_L_to_STG_L_pole",0.44,0.58,2.8225138554839004e-5,6.990624141853347e-6,"1.0","0.7752380952380952"
"Hippo_L_to_dorsal_ACC_L",0.24,0.78,1.2144553581586554e-6,9.626959771409628e-7,"1.0","0.4622465753424657"
"Hippo_L_to_rostral_ACC_L",0.76,0.26,3.417701621379003e-7,-1.2902857233760403e-7,"0.6175","1.0"
"Hippo_L_to_subcallosal_ACC_L",0.98,0.04,3.549681904400508e-7,-6.966793410197993e-7,"0.13650485436893203","1.0"
"Hippo_L_to_subgenual_ACC_L",0.02,1.0,1.0812775842641497e-6,2.439692560214732e-6,"1.0","0.08127167630057804"
"IFG_opercularis_L_to_MFG_DPFC_L",1.0,0.02,6.218749683667326e-5,-0.00016882125641426508,"0.0889873417721519","1.0"
"IFG_opercularis_L_to_MFG_L",1.0,0.02,0.00022025252745434503,-0.0010454043152552906,"0.0889873417721519","1.0"
"IFG_opercularis_L_to_SFG_L",1.0,0.02,0.00033819495291144853,-0.0012618441247937721,"0.0889873417721519","1.0"
"IFG_opercularis_L_to_SFG_PFC_L",0.82,0.2,7.9222456531371e-5,-6.070857650439682e-5,"0.5075812274368231","1.0"
"IFG_opercularis_L_to_SFG_pole_L",0.04,0.98,1.1652992938432615e-6,1.6844349138992403e-6,"1.0","0.11070866141732283"
"IFG_orbitalis_L_to_IFG_opercularis_L",1.0,0.02,0.00019273584499889058,-0.0005184963301589394,"0.0889873417721519","1.0"
"IFG_orbitalis_L_to_MFG_DPFC_L",1.0,0.02,0.00045168367406814644,-0.000985653455995992,"0.0889873417721519","1.0"
"IFG_orbitalis_L_to_MFG_L",1.0,0.02,0.0003677587062570116,-0.0008019862820325217,"0.0889873417721519","1.0"
"IFG_orbitalis_L_to_SFG_L",1.0,0.02,5.626831304224667e-5,-0.00014077535317542117,"0.0889873417721519","1.0"
"IFG_orbitalis_L_to_SFG_PFC_L",0.82,0.2,0.00016676222217496176,-0.00016884959251103416,"0.5075812274368231","1.0"
"IFG_orbitalis_L_to_SFG_pole_L",0.18,0.84,1.437247770810903e-5,1.0403740273200446e-5,"1.0","0.3979245283018868"
"IFG_triangularis_L_to_IFG_opercularis_L",1.0,0.02,0.0012000726548591935,-0.003078406771448366,"0.0889873417721519","1.0"
"IFG_triangularis_L_to_IFG_orbitalis_L",1.0,0.02,0.00048190313353689275,-0.0012375609054759177,"0.0889873417721519","1.0"
"IFG_triangularis_L_to_MFG_DPFC_L",1.0,0.02,0.00032294910824087574,-0.0007391899915611313,"0.0889873417721519","1.0"
"IFG_triangularis_L_to_MFG_L",1.0,0.02,0.0005538796666152229,-0.0014491024298612072,"0.0889873417721519","1.0"
"IFG_triangularis_L_to_SFG_L",1.0,0.02,0.0004362120331430628,-0.0012348265037586566,"0.0889873417721519","1.0"
"IFG_triangularis_L_to_SFG_PFC_L",0.82,0.2,0.00035252963975902904,-0.0004007151772014615,"0.5075812274368231","1.0"
"IFG_triangularis_L_to_SFG_pole_L",0.16,0.86,3.0140588688983673e-6,2.648096178391859e-6,"1.0","0.3724503311258278"
"ITG_L_to_AG_L",0.98,0.04,8.973670938159127e-5,-0.00015014072411672285,"0.13650485436893203","1.0"
"ITG_L_to_IFG_opercularis_L",0.28,0.74,0.00011460376948288803,4.420190057662293e-5,"1.0","0.5249066666666667"
"ITG_L_to_IFG_orbitalis_L",0.48,0.54,4.729794728097424e-5,1.4617775744856028e-6,"1.0","0.837320099255583"
"ITG_L_to_IFG_triangularis_L",0.2,0.82,6.837622960149222e-5,7.64228830279423e-5,"1.0","0.407536231884058"
"ITG_L_to_LFOG_L",1.0,0.02,4.021642262224894e-5,-8.309205377765947e-5,"0.0889873417721519","1.0"
"ITG_L_to_MFG_DPFC_L",0.1,0.92,1.1951562117377854e-5,1.2137370785221914e-5,"1.0","0.2556363636363636"
"ITG_L_to_MFG_L",0.22,0.8,3.329280952225361e-5,1.7082809297086093e-5,"1.0","0.43080779944289693"
"ITG_L_to_MFOG_L",1.0,0.02,7.099804612109566e-5,-0.00016315645415785436,"0.0889873417721519","1.0"
"ITG_L_to_MTG_L",0.02,1.0,0.00014372989964743025,0.0003232618914922769,"1.0","0.08127167630057804"
"ITG_L_to_MTG_L_pole",0.14,0.88,0.0002316223392542902,0.00031017635539063967,"1.0","0.338213058419244"
"ITG_L_to_PoCG_L",0.18,0.84,4.236802056612746e-5,5.860295872965161e-5,"1.0","0.3979245283018868"
"ITG_L_to_PrCG_L",0.26,0.76,5.962283037715276e-5,2.8742211960108607e-5,"1.0","0.49668478260869564"
"ITG_L_to_PrCu_L",0.02,1.0,5.781295261793131e-5,0.0001407215436693247,"1.0","0.08127167630057804"
"ITG_L_to_SFG_L",0.24,0.78,1.175094010575516e-5,9.246343841882927e-6,"1.0","0.4622465753424657"
"ITG_L_to_SFG_PFC_L",0.12,0.9,2.0042089868851258e-5,1.9009790414446487e-5,"1.0","0.2980918727915194"
"ITG_L_to_SFG_pole_L",0.94,0.08,5.77574153372553e-7,-6.992696141760592e-7,"0.2383050847457627","1.0"
"ITG_L_to_SMG_L",0.22,0.8,5.7811091033533867e-5,7.150065472639753e-5,"1.0","0.43080779944289693"
"ITG_L_to_SPG_L",0.04,0.98,0.00016085154208570886,0.0003116405624621142,"1.0","0.11070866141732283"
"ITG_L_to_STG_L",0.98,0.04,0.0002755022054946376,-0.0003848037377256567,"0.13650485436893203","1.0"
"ITG_L_to_STG_L_pole",1.0,0.02,0.00031594975768194946,-0.0004897169569617671,"0.0889873417721519","1.0"
"Ins_L_to_AG_L",1.0,0.02,8.04160221306295e-6,-2.304990968771409e-5,"0.0889873417721519","1.0"
"Ins_L_to_Cu_L",1.0,0.02,1.6168300153726857e-5,-2.971012060173985e-5,"0.0889873417721519","1.0"
"Ins_L_to_ENT_L",0.02,0.98,3.313595160837131e-7,6.043756119970385e-7,"1.0","0.08127167630057804"
"Ins_L_to_FuG_L",0.02,1.0,3.7991216041546655e-5,9.319912747805333e-5,"1.0","0.08127167630057804"
"Ins_L_to_IFG_opercularis_L",1.0,0.02,7.059474174901567e-5,-0.00019209213908207316,"0.0889873417721519","1.0"
"Ins_L_to_IFG_orbitalis_L",0.04,0.98,0.00018680969976177754,0.0003627116274632483,"1.0","0.11070866141732283"
"Ins_L_to_IFG_triangularis_L",0.2,0.82,0.00021286660964042942,0.0003274795098203413,"1.0","0.407536231884058"
"Ins_L_to_ITG_L",0.04,0.98,1.8968603456214573e-5,2.808886225630318e-5,"1.0","0.11070866141732283"
"Ins_L_to_LFOG_L",0.02,1.0,0.00017257111701360234,0.0005201347461305813,"1.0","0.08127167630057804"
"Ins_L_to_LG_L",0.98,0.04,5.8956149290791077e-5,-8.124402688994883e-5,"0.13650485436893203","1.0"
"Ins_L_to_MFG_DPFC_L",0.02,1.0,2.4668107483484476e-5,6.049043765083746e-5,"1.0","0.08127167630057804"
"Ins_L_to_MFG_L",1.0,0.02,1.9048076891732816e-5,-3.910511646594647e-5,"0.0889873417721519","1.0"
"Ins_L_to_MFOG_L",0.14,0.88,1.8179881856744315e-5,1.9301779787883144e-5,"1.0","0.338213058419244"
"Ins_L_to_MTG_L",0.04,0.98,3.4396434889857233e-5,8.457125154970563e-5,"1.0","0.11070866141732283"
"Ins_L_to_MTG_L_pole",0.04,0.98,3.808364408311729e-5,7.690414760387389e-5,"1.0","0.11070866141732283"
"Ins_L_to_PCC_L",0.96,0.06,3.0901351279469218e-6,-5.506242363854174e-6,"0.18830357142857143","1.0"
"Ins_L_to_PHG_L",0.16,0.86,7.926981379740815e-6,1.2003129182673144e-5,"1.0","0.3724503311258278"
"Ins_L_to_PoCG_L",0.9,0.12,2.265945910050661e-5,-1.4999763253646895e-5,"0.3429268292682927","1.0"
"Ins_L_to_PrCG_L",0.2,0.82,8.045533551324115e-5,0.0001246163499851279,"1.0","0.407536231884058"
"Ins_L_to_PrCu_L",1.0,0.02,3.6004616011712256e-6,-7.562702949732858e-6,"0.0889873417721519","1.0"
"Ins_L_to_SFG_L",0.34,0.68,7.579529320264415e-6,1.8599003418064032e-6,"1.0","0.6176227390180878"
"Ins_L_to_SFG_PFC_L",0.08,0.94,0.00013391231286412545,0.0002906489831109476,"1.0","0.20907063197026024"
"Ins_L_to_SFG_pole_L",0.06,0.96,7.73605643664164e-6,1.908127977587768e-5,"1.0","0.16099236641221373"
"Ins_L_to_SMG_L",0.78,0.24,2.9184759977769684e-5,3.8419472821826455e-6,"0.5817931034482758","1.0"
"Ins_L_to_SPG_L",0.08,0.94,6.171543654501092e-6,1.0428090189121805e-5,"1.0","0.20907063197026024"
"Ins_L_to_STG_L",0.48,0.54,6.139294192208922e-5,-1.4162850009996574e-5,"1.0","0.837320099255583"
"Ins_L_to_STG_L_pole",0.02,1.0,7.397094491160329e-5,0.00017971198960437334,"1.0","0.08127167630057804"
"Ins_L_to_dorsal_ACC_L",0.12,0.9,2.4380160001280627e-6,2.2911976039768866e-6,"1.0","0.2980918727915194"
"Ins_L_to_rostral_ACC_L",0.02,1.0,2.1350192579194796e-5,8.81586260115253e-5,"1.0","0.08127167630057804"
"Ins_L_to_subcallosal_ACC_L",0.02,1.0,3.9757651674484346e-7,9.357723591134351e-7,"1.0","0.08127167630057804"
"Ins_L_to_subgenual_ACC_L",0.2,0.82,1.0631194388425399e-6,9.057569699837475e-10,"1.0","0.407536231884058"
"LFOG_L_to_IFG_opercularis_L",1.0,0.02,3.3962245006830352e-6,-6.966130218647187e-6,"0.0889873417721519","1.0"
"LFOG_L_to_IFG_orbitalis_L",0.86,0.16,8.555253615812652e-5,-6.410634435310461e-5,"0.44634920634920633","1.0"
"LFOG_L_to_IFG_triangularis_L",0.02,1.0,4.476134281948834e-6,8.953322989362087e-6,"1.0","0.08127167630057804"
"LFOG_L_to_MFG_DPFC_L",0.62,0.4,5.694589706742748e-5,1.3164555620983032e-6,"0.918954248366013","1.0"
"LFOG_L_to_MFG_L",0.98,0.04,7.889073713335334e-7,-1.1786036463846359e-6,"0.13650485436893203","1.0"
"LFOG_L_to_SFG_L",0.4,0.62,6.264746758965429e-7,2.136005544755817e-7,"1.0","0.7155216284987278"
"LFOG_L_to_SFG_PFC_L",0.02,1.0,4.754989569780614e-5,9.909603925809443e-5,"1.0","0.08127167630057804"
"LFOG_L_to_SFG_pole_L",0.04,0.98,1.3977023347615997e-6,3.6135105118256982e-6,"1.0","0.11070866141732283"
"LG_L_to_AG_L",0.02,1.0,4.468838248710707e-5,8.431987825083227e-5,"1.0","0.08127167630057804"
"LG_L_to_Cu_L",0.02,1.0,0.0005306455227796706,0.0016489046794380376,"1.0","0.08127167630057804"
"LG_L_to_ENT_L",0.02,1.0,1.2587951008657363e-5,2.1831311237652704e-5,"1.0","0.08127167630057804"
"LG_L_to_FuG_L",0.02,1.0,0.00046361296269401193,0.001408278123497401,"1.0","0.08127167630057804"
"LG_L_to_IFG_opercularis_L",1.0,0.02,1.2634541598441028e-5,-2.676215044675787e-5,"0.0889873417721519","1.0"
"LG_L_to_IFG_orbitalis_L",0.98,0.04,0.00033694486905860166,-0.0005696773532925616,"0.13650485436893203","1.0"
"LG_L_to_IFG_triangularis_L",0.94,0.08,3.721909619418015e-5,-5.423926840389639e-5,"0.2383050847457627","1.0"
"LG_L_to_ITG_L",0.02,1.0,0.0003802247489349848,0.0010522671527953384,"1.0","0.08127167630057804"
"LG_L_to_LFOG_L",0.04,0.98,3.780729593798923e-5,6.402167688956178e-5,"1.0","0.11070866141732283"
"LG_L_to_MFG_DPFC_L",0.04,0.98,2.5755013131877296e-5,4.91784514094288e-5,"1.0","0.11070866141732283"
"LG_L_to_MFG_L",0.98,0.04,2.371149230560643e-6,-3.1880244456921516e-6,"0.13650485436893203","1.0"
"LG_L_to_MFOG_L",0.96,0.06,4.027414330710991e-5,-1.9262677496742965e-5,"0.18830357142857143","1.0"
"LG_L_to_MTG_L",0.14,0.88,0.0002067882559809828,0.00022198923744514858,"1.0","0.338213058419244"
"LG_L_to_MTG_L_pole",0.02,1.0,0.00012063790015264167,0.0002366510080342692,"1.0","0.08127167630057804"
"LG_L_to_PHG_L",0.02,1.0,0.00034935609268008826,0.0007195132829591685,"1.0","0.08127167630057804"
"LG_L_to_PoCG_L",0.06,0.96,2.206581586280994e-6,3.286712215393502e-6,"1.0","0.16099236641221373"
"LG_L_to_PrCG_L",0.02,1.0,1.4619352396539262e-5,2.9424766178396177e-5,"1.0","0.08127167630057804"
"LG_L_to_PrCu_L",0.02,1.0,0.00019653987752972854,0.00039102946565229807,"1.0","0.08127167630057804"
"LG_L_to_SFG_L",0.02,1.0,7.574962832632911e-6,1.992619840917306e-5,"1.0","0.08127167630057804"
"LG_L_to_SFG_PFC_L",0.04,0.98,4.7473713814867266e-5,0.00010755045306336582,"1.0","0.11070866141732283"
"LG_L_to_SFG_pole_L",0.98,0.04,2.0813660068878365e-6,-3.146228787030738e-6,"0.13650485436893203","1.0"
"LG_L_to_SMG_L",0.96,0.06,2.428781588308917e-6,-4.651924251255884e-6,"0.18830357142857143","1.0"
"LG_L_to_SPG_L",0.2,0.82,4.8598724203474294e-5,6.754262410727289e-5,"1.0","0.407536231884058"
"LG_L_to_STG_L",0.24,0.78,0.00032660763836901436,0.00012954474762292184,"1.0","0.4622465753424657"
"LG_L_to_STG_L_pole",0.02,1.0,0.00024143862096862913,0.00045291929213798555,"1.0","0.08127167630057804"
"MFG_DPFC_L_to_MFG_L",1.0,0.02,0.0004950471285613649,-0.0012218522686383887,"0.0889873417721519","1.0"
"MFG_DPFC_L_to_SFG_L",1.0,0.02,9.151189542902245e-5,-0.0002171231188665315,"0.0889873417721519","1.0"
"MFG_DPFC_L_to_SFG_PFC_L",1.0,0.02,0.0004319549883261327,-0.0012401994492873684,"0.0889873417721519","1.0"
"MFG_DPFC_L_to_SFG_pole_L",1.0,0.02,1.656806386815678e-5,-3.299134951887815e-5,"0.0889873417721519","1.0"
"MFG_L_to_SFG_L",1.0,0.02,0.0003549582461694038,-0.0011683919636175464,"0.0889873417721519","1.0"
"MFG_L_to_SFG_PFC_L",0.22,0.8,0.00022060074804632087,0.00018505339352097489,"1.0","0.43080779944289693"
"MFG_L_to_SFG_pole_L",0.96,0.06,1.17966106305651e-6,-1.988109086772046e-6,"0.18830357142857143","1.0"
"MFOG_L_to_IFG_opercularis_L",0.96,0.06,4.080256502599465e-7,-7.188517914235414e-7,"0.18830357142857143","1.0"
"MFOG_L_to_IFG_orbitalis_L",0.02,1.0,3.9546476814433835e-6,6.3592693974559605e-6,"1.0","0.08127167630057804"
"MFOG_L_to_IFG_triangularis_L",1.0,0.02,1.5629722131383173e-6,-3.6860241785243475e-6,"0.0889873417721519","1.0"
"MFOG_L_to_LFOG_L",0.32,0.7,6.040814754168998e-5,1.5537125036771546e-5,"1.0","0.5858333333333333"
"MFOG_L_to_MFG_DPFC_L",0.02,1.0,2.6537759697501835e-6,3.932949526404095e-6,"1.0","0.08127167630057804"
"MFOG_L_to_MFG_L",1.0,0.02,8.329672725270943e-7,-2.375746316213869e-6,"0.0889873417721519","1.0"
"MFOG_L_to_SFG_L",0.08,0.94,6.113583077321516e-7,1.7876567047310487e-7,"1.0","0.20907063197026024"
"MFOG_L_to_SFG_PFC_L",0.02,1.0,3.558783220615248e-5,5.958354129717399e-5,"1.0","0.08127167630057804"
"MFOG_L_to_SFG_pole_L",0.82,0.2,1.5202028538872992e-7,-1.3582495266512984e-7,"0.5075812274368231","1.0"
"MTG_L_pole_to_AG_L",0.18,0.84,3.7391417638274524e-5,5.3144288761231036e-5,"1.0","0.3979245283018868"
"MTG_L_pole_to_IFG_opercularis_L",0.2,0.82,6.625617846909544e-6,6.58157494439542e-6,"1.0","0.407536231884058"
"MTG_L_pole_to_IFG_orbitalis_L",0.02,1.0,6.861492166969258e-5,0.00010877930874605278,"1.0","0.08127167630057804"
"MTG_L_pole_to_IFG_triangularis_L",0.02,1.0,1.6176651358216925e-5,3.0817625053915446e-5,"1.0","0.08127167630057804"
"MTG_L_pole_to_LFOG_L",0.32,0.7,3.0349771479666897e-5,1.6116355182759663e-6,"1.0","0.5858333333333333"
"MTG_L_pole_to_MFG_DPFC_L",0.44,0.58,6.195464192199776e-6,2.0138675200024524e-6,"1.0","0.7752380952380952"
"MTG_L_pole_to_MFG_L",0.12,0.9,3.1898667175424874e-6,3.826272336037804e-6,"1.0","0.2980918727915194"
"MTG_L_pole_to_MFOG_L",1.0,0.02,4.543763240608727e-5,-9.221920593587788e-5,"0.0889873417721519","1.0"
"MTG_L_pole_to_MTG_L",0.42,0.6,0.00013576462846111276,3.4020473201356764e-5,"1.0","0.7474936708860759"
"MTG_L_pole_to_PoCG_L",0.02,1.0,5.428840963193008e-6,8.914846431986048e-6,"1.0","0.08127167630057804"
"MTG_L_pole_to_PrCG_L",0.04,0.98,6.490133513574292e-6,8.940584668501977e-6,"1.0","0.11070866141732283"
"MTG_L_pole_to_PrCu_L",0.2,0.82,1.6108518565430467e-5,1.498512258113069e-5,"1.0","0.407536231884058"
"MTG_L_pole_to_SFG_L",0.02,1.0,2.9639544539708113e-6,4.686495626542924e-6,"1.0","0.08127167630057804"
"MTG_L_pole_to_SFG_PFC_L",0.16,0.86,1.0521920803844233e-5,1.2461260729266891e-5,"1.0","0.3724503311258278"
"MTG_L_pole_to_SFG_pole_L",0.96,0.06,6.213496766057338e-7,-4.771669321309758e-7,"0.18830357142857143","1.0"
"MTG_L_pole_to_SMG_L",0.14,0.88,5.70442628320956e-6,5.165647223404046e-6,"1.0","0.338213058419244"
"MTG_L_pole_to_SPG_L",0.16,0.86,1.6590734777218056e-5,2.492198242011087e-5,"1.0","0.3724503311258278"
"MTG_L_pole_to_STG_L",0.02,1.0,0.00027473327424394953,0.00043137572599991205,"1.0","0.08127167630057804"
"MTG_L_pole_to_STG_L_pole",0.82,0.2,7.425515024601702e-5,-5.6266095915391704e-5,"0.5075812274368231","1.0"
"MTG_L_to_AG_L",0.18,0.84,0.00022334898024340617,0.00035325538357189025,"1.0","0.3979245283018868"
"MTG_L_to_IFG_opercularis_L",0.18,0.84,0.00013993328831117462,0.00013836582195013328,"1.0","0.3979245283018868"
"MTG_L_to_IFG_orbitalis_L",0.1,0.92,6.992327862438322e-5,6.88508281851611e-5,"1.0","0.2556363636363636"
"MTG_L_to_IFG_triangularis_L",0.02,1.0,9.054395130654156e-5,0.0001537244784976264,"1.0","0.08127167630057804"
"MTG_L_to_LFOG_L",0.02,1.0,4.502098135864137e-5,0.0001336695349262955,"1.0","0.08127167630057804"
"MTG_L_to_MFG_DPFC_L",0.04,0.98,3.467442324197904e-5,9.827352355126353e-5,"1.0","0.11070866141732283"
"MTG_L_to_MFG_L",0.22,0.8,1.741614653176433e-5,1.1046052600635533e-5,"1.0","0.43080779944289693"
"MTG_L_to_MFOG_L",1.0,0.02,9.628036895404067e-5,-0.0001934522096713245,"0.0889873417721519","1.0"
"MTG_L_to_PoCG_L",0.82,0.2,3.051810129002429e-5,-2.595180629766515e-7,"0.5075812274368231","1.0"
"MTG_L_to_PrCG_L",0.2,0.82,8.127160212674954e-5,7.038907441111633e-5,"1.0","0.407536231884058"
"MTG_L_to_PrCu_L",0.04,0.98,0.00015407878673034074,0.00020925354001634272,"1.0","0.11070866141732283"
"MTG_L_to_SFG_L",0.02,1.0,1.3780223792896775e-5,2.101810391667899e-5,"1.0","0.08127167630057804"
"MTG_L_to_SFG_PFC_L",0.02,1.0,4.9592774148732866e-5,0.00013079153077212542,"1.0","0.08127167630057804"
"MTG_L_to_SFG_pole_L",0.96,0.06,1.3050693053435546e-6,-2.5479657906641685e-6,"0.18830357142857143","1.0"
"MTG_L_to_SMG_L",0.14,0.88,4.291151566668822e-5,5.139176140893077e-5,"1.0","0.338213058419244"
"MTG_L_to_SPG_L",0.2,0.82,6.11969255615445e-5,6.820896735616885e-5,"1.0","0.407536231884058"
"MTG_L_to_STG_L",0.48,0.54,0.0002755880366621303,-7.888907356781105e-5,"1.0","0.837320099255583"
"MTG_L_to_STG_L_pole",0.84,0.18,0.00013708405035055079,-0.0001530185680481185,"0.4866923076923077","1.0"
"PCC_L_to_AG_L",0.18,0.84,0.0003385247200411353,0.0004946118624658542,"1.0","0.3979245283018868"
"PCC_L_to_Cu_L",0.44,0.58,0.0002527172184291871,-5.318786204031693e-6,"1.0","0.7752380952380952"
"PCC_L_to_ENT_L",0.04,0.98,1.0115061772756076e-6,1.5640080999500625e-6,"1.0","0.11070866141732283"
"PCC_L_to_FuG_L",0.04,0.98,0.00012766618580414146,0.00037511179770826253,"1.0","0.11070866141732283"
"PCC_L_to_IFG_opercularis_L",1.0,0.02,2.3855260404873975e-5,-4.7563038073978905e-5,"0.0889873417721519","1.0"
"PCC_L_to_IFG_orbitalis_L",0.96,0.06,7.968329250532924e-6,-1.645134998350101e-5,"0.18830357142857143","1.0"
"PCC_L_to_IFG_triangularis_L",0.98,0.04,1.3053044309526753e-5,-2.2976290108678506e-5,"0.13650485436893203","1.0"
"PCC_L_to_ITG_L",0.02,1.0,9.991029475079912e-5,0.00023540068551919485,"1.0","0.08127167630057804"
"PCC_L_to_LFOG_L",1.0,0.02,1.192799653009251e-6,-2.193667061440563e-6,"0.0889873417721519","1.0"
"PCC_L_to_LG_L",0.02,1.0,0.0006463727348045829,0.0020394217366323545,"1.0","0.08127167630057804"
"PCC_L_to_MFG_DPFC_L",0.98,0.04,5.527709947853701e-6,-1.0503880857037578e-5,"0.13650485436893203","1.0"
"PCC_L_to_MFG_L",0.04,0.98,2.2530839234419046e-5,2.5364058544571246e-5,"1.0","0.11070866141732283"
"PCC_L_to_MFOG_L",1.0,0.02,2.7189761392202265e-6,-5.256092124339435e-6,"0.0889873417721519","1.0"
"PCC_L_to_MTG_L",0.18,0.84,0.00012956975467888184,0.0001159922479245391,"1.0","0.3979245283018868"
"PCC_L_to_MTG_L_pole",0.82,0.2,1.1416016538645547e-5,-6.685435232623406e-6,"0.5075812274368231","1.0"
"PCC_L_to_PHG_L",0.22,0.8,0.00010031874829820771,6.717944980741586e-5,"1.0","0.43080779944289693"
"PCC_L_to_PoCG_L",1.0,0.02,7.280547352106735e-5,-0.00023793325556097683,"0.0889873417721519","1.0"
"PCC_L_to_PrCG_L",0.02,1.0,0.0003463600157426642,0.0006747129679307133,"1.0","0.08127167630057804"
"PCC_L_to_PrCu_L",1.0,0.02,0.0004217345510292764,-0.0013382845196929303,"0.0889873417721519","1.0"
"PCC_L_to_SFG_L",0.34,0.68,4.762658171338454e-5,6.33076195332818e-6,"1.0","0.6176227390180878"
"PCC_L_to_SFG_PFC_L",0.98,0.04,0.0001823413385797079,-0.0003897960055335833,"0.13650485436893203","1.0"
"PCC_L_to_SFG_pole_L",0.22,0.8,1.3900306513338376e-6,1.4788514886350186e-6,"1.0","0.43080779944289693"
"PCC_L_to_SMG_L",0.94,0.08,0.0001244922935698396,-0.00015596606819218302,"0.2383050847457627","1.0"
"PCC_L_to_SPG_L",1.0,0.02,0.00037361068261547843,-0.0016521212867884939,"0.0889873417721519","1.0"
"PCC_L_to_STG_L",0.02,1.0,0.00021681043551049578,0.0004088109699285578,"1.0","0.08127167630057804"
"PCC_L_to_STG_L_pole",0.9,0.12,1.3840581751880306e-5,-1.8749134577426557e-5,"0.3429268292682927","1.0"
"PCC_L_to_dorsal_ACC_L",0.02,1.0,0.0003634146610775141,0.002174263707703916,"1.0","0.08127167630057804"
"PCC_L_to_rostral_ACC_L",0.04,0.98,0.000619993344074072,0.001014784531130532,"1.0","0.11070866141732283"
"PCC_L_to_subcallosal_ACC_L",0.04,0.98,2.5044709256533505e-5,3.567181511839963e-5,"1.0","0.11070866141732283"
"PCC_L_to_subgenual_ACC_L",0.8,0.22,1.4352187390213006e-5,-1.0357303401528069e-5,"0.5465017667844523","1.0"
"PHG_L_to_AG_L",0.02,1.0,2.5162567118875584e-5,4.652672400357709e-5,"1.0","0.08127167630057804"
"PHG_L_to_IFG_opercularis_L",0.22,0.8,1.0561143361672994e-6,8.564002005428694e-7,"1.0","0.43080779944289693"
"PHG_L_to_IFG_orbitalis_L",0.02,1.0,6.7243623089865e-6,1.3190115311464723e-5,"1.0","0.08127167630057804"
"PHG_L_to_IFG_triangularis_L",0.02,1.0,3.043052485696167e-6,5.279458675018496e-6,"1.0","0.08127167630057804"
"PHG_L_to_ITG_L",0.02,1.0,0.00023580802761246034,0.000428768696254286,"1.0","0.08127167630057804"
"PHG_L_to_LFOG_L",0.02,1.0,8.285472707613325e-6,1.705869414343945e-5,"1.0","0.08127167630057804"
"PHG_L_to_MFG_DPFC_L",0.04,0.98,4.56478796481629e-6,8.501532846208184e-6,"1.0","0.11070866141732283"
"PHG_L_to_MFG_L",0.2,0.82,1.8915645040855633e-6,2.9744237596904887e-6,"1.0","0.407536231884058"
"PHG_L_to_MFOG_L",0.98,0.04,1.891486676063545e-6,-4.044508796312697e-6,"0.13650485436893203","1.0"
"PHG_L_to_MTG_L",0.02,1.0,7.029272143141643e-5,9.26922523093754e-5,"1.0","0.08127167630057804"
"PHG_L_to_MTG_L_pole",0.02,1.0,0.0001528943725036337,0.00028762995781990533,"1.0","0.08127167630057804"
"PHG_L_to_PoCG_L",0.02,1.0,2.8168357697330595e-6,5.691888263805738e-6,"1.0","0.08127167630057804"
"PHG_L_to_PrCG_L",0.02,1.0,4.13312305304977e-6,9.35867143959326e-6,"1.0","0.08127167630057804"
"PHG_L_to_PrCu_L",0.76,0.26,5.705096375690418e-5,-5.2751696775442184e-5,"0.6175","1.0"
"PHG_L_to_SFG_L",0.02,1.0,2.324206472561828e-6,4.7959569293009155e-6,"1.0","0.08127167630057804"
"PHG_L_to_SFG_PFC_L",0.04,0.98,4.235339873601509e-6,8.115484870814698e-6,"1.0","0.11070866141732283"
"PHG_L_to_SFG_pole_L",0.02,0.98,1.572477662213084e-7,3.1943895794170067e-7,"1.0","0.08127167630057804"
"PHG_L_to_SMG_L",0.16,0.86,4.708591969655257e-6,8.359168343259816e-6,"1.0","0.3724503311258278"
"PHG_L_to_SPG_L",0.6,0.42,1.2184808756219009e-5,-6.215469748603651e-7,"0.9617589576547232","1.0"
"PHG_L_to_STG_L",0.06,0.96,7.225918337494892e-5,6.218543759135718e-5,"1.0","0.16099236641221373"
"PHG_L_to_STG_L_pole",0.02,1.0,0.00020966521781560544,0.00038842639042217434,"1.0","0.08127167630057804"
"PIns_L_to_AG_L",0.98,0.04,7.762208851531317e-5,-0.0001297335742926323,"0.13650485436893203","1.0"
"PIns_L_to_Amyg_L",0.94,0.08,1.5615747020180454e-5,-8.518071394228232e-6,"0.2383050847457627","1.0"
"PIns_L_to_Cu_L",0.02,1.0,1.557170740049902e-5,4.009104633551486e-5,"1.0","0.08127167630057804"
"PIns_L_to_ENT_L",0.02,1.0,1.3414843576652812e-6,2.7750925005587417e-6,"1.0","0.08127167630057804"
"PIns_L_to_FuG_L",0.02,1.0,0.00022989160461167838,0.0005890244907941489,"1.0","0.08127167630057804"
"PIns_L_to_Hippo_L",0.02,1.0,6.655892494833397e-5,0.00014444742716010898,"1.0","0.08127167630057804"
"PIns_L_to_IFG_opercularis_L",0.02,1.0,0.00010804628372503231,0.0001630712276933168,"1.0","0.08127167630057804"
"PIns_L_to_IFG_orbitalis_L",0.02,1.0,0.0001661731160645857,0.0005021646796623866,"1.0","0.08127167630057804"
"PIns_L_to_IFG_triangularis_L",0.02,1.0,0.00023329463421548118,0.0005364104602790442,"1.0","0.08127167630057804"
"PIns_L_to_ITG_L",0.04,0.98,6.110551277393438e-5,0.00012638701200721894,"1.0","0.11070866141732283"
"PIns_L_to_Ins_L",0.02,1.0,0.0001724461993952715,0.00040703461957354635,"1.0","0.08127167630057804"
"PIns_L_to_LFOG_L",0.02,1.0,6.351511089373341e-5,0.00018605976020552811,"1.0","0.08127167630057804"
"PIns_L_to_LG_L",0.02,1.0,6.911194376496992e-5,0.00015801843338250377,"1.0","0.08127167630057804"
"PIns_L_to_MFG_DPFC_L",0.04,0.98,0.00010600813605898222,0.00029400675184700184,"1.0","0.11070866141732283"
"PIns_L_to_MFG_L",0.02,1.0,1.1388968974765819e-5,2.4555435185396106e-5,"1.0","0.08127167630057804"
"PIns_L_to_MFOG_L",1.0,0.02,6.926830248257902e-5,-0.00012851748302277762,"0.0889873417721519","1.0"
"PIns_L_to_MTG_L",0.02,1.0,0.00013213925648634527,0.00038403063572952647,"1.0","0.08127167630057804"
"PIns_L_to_MTG_L_pole",0.04,0.98,6.481032273328424e-5,0.0001449695852526156,"1.0","0.11070866141732283"
"PIns_L_to_PCC_L",0.02,1.0,5.024759794218787e-5,0.00010575688966247411,"1.0","0.08127167630057804"
"PIns_L_to_PHG_L",0.98,0.04,2.5007566906994607e-5,-3.1221971912958376e-5,"0.13650485436893203","1.0"
"PIns_L_to_PoCG_L",0.04,0.98,0.0011209934563439195,0.0021558712064710904,"1.0","0.11070866141732283"
"PIns_L_to_PrCG_L",0.04,0.98,0.0006490814556079863,0.0011267258717504935,"1.0","0.11070866141732283"
"PIns_L_to_PrCu_L",0.02,1.0,4.01198045460658e-5,8.214134772289675e-5,"1.0","0.08127167630057804"
"PIns_L_to_SFG_L",0.02,1.0,6.874932487535045e-5,0.00013280135470424603,"1.0","0.08127167630057804"
"PIns_L_to_SFG_PFC_L",0.04,0.98,0.00012471456634225057,0.00033169694031919434,"1.0","0.11070866141732283"
"PIns_L_to_SFG_pole_L",0.98,0.04,6.652028470498934e-6,-1.3222058255324569e-5,"0.13650485436893203","1.0"
"PIns_L_to_SMG_L",0.02,1.0,0.0002395489451675671,0.000555090934060251,"1.0","0.08127167630057804"
"PIns_L_to_SPG_L",0.04,0.98,0.000221124507223645,0.0005189971079228343,"1.0","0.11070866141732283"
"PIns_L_to_STG_L",0.08,0.94,9.280547200284958e-5,0.00013553849195720202,"1.0","0.20907063197026024"
"PIns_L_to_STG_L_pole",0.3,0.72,7.782231914798502e-5,4.199386749151906e-5,"1.0","0.555"
"PIns_L_to_dorsal_ACC_L",0.04,0.98,0.00024885364127215446,0.00047120472311529195,"1.0","0.11070866141732283"
"PIns_L_to_rostral_ACC_L",0.96,0.06,1.4062535848924186e-6,-3.4576991633308904e-6,"0.18830357142857143","1.0"
"PIns_L_to_subcallosal_ACC_L",1.0,0.02,3.3555192487178954e-6,-7.711278201290983e-6,"0.0889873417721519","1.0"
"PIns_L_to_subgenual_ACC_L",1.0,0.02,9.791872539003123e-7,-1.4380196978873767e-6,"0.0889873417721519","1.0"
"PSIG_L_to_AG_L",0.96,0.06,0.00010602068377240421,-0.00018393257020231146,"0.18830357142857143","1.0"
"PSIG_L_to_Amyg_L",0.02,1.0,1.0310362738501408e-5,1.7389545236520405e-5,"1.0","0.08127167630057804"
"PSIG_L_to_Cu_L",0.78,0.24,6.275984335680147e-5,-6.565763822306135e-5,"0.5817931034482758","1.0"
"PSIG_L_to_ENT_L",0.98,0.04,2.691537028032209e-6,-4.958251918255596e-6,"0.13650485436893203","1.0"
"PSIG_L_to_FuG_L",0.02,1.0,0.000302319330683894,0.0007339108578197233,"1.0","0.08127167630057804"
"PSIG_L_to_Hippo_L",1.0,0.02,3.423883021632767e-5,-8.121688464980369e-5,"0.0889873417721519","1.0"
"PSIG_L_to_IFG_opercularis_L",0.22,0.8,8.212535497331014e-5,4.974544158098238e-5,"1.0","0.43080779944289693"
"PSIG_L_to_IFG_orbitalis_L",0.04,0.98,7.073679728609234e-5,0.00019634212494603376,"1.0","0.11070866141732283"
"PSIG_L_to_IFG_triangularis_L",0.02,1.0,9.169378525150482e-5,0.00017542628850052827,"1.0","0.08127167630057804"
"PSIG_L_to_ITG_L",0.64,0.38,0.00024383082754691072,-8.030144776539924e-5,"0.8758688524590165","1.0"
"PSIG_L_to_Ins_L",0.02,1.0,4.7591924348752846e-5,0.00012410978723513633,"1.0","0.08127167630057804"
"PSIG_L_to_LFOG_L",0.02,1.0,2.7594024277065e-5,8.965490981402996e-5,"1.0","0.08127167630057804"
"PSIG_L_to_LG_L",1.0,0.02,0.0006405430819314226,-0.0013833702335989712,"0.0889873417721519","1.0"
"PSIG_L_to_MFG_DPFC_L",0.02,1.0,0.00010499796666576508,0.00026068681834827694,"1.0","0.08127167630057804"
"PSIG_L_to_MFG_L",0.82,0.2,3.373680863261976e-5,-1.757108512821984e-5,"0.5075812274368231","1.0"
"PSIG_L_to_MFOG_L",0.96,0.06,9.704221833956758e-6,-1.3537183955975716e-5,"0.18830357142857143","1.0"
"PSIG_L_to_MTG_L",0.76,0.26,0.00016465417273436175,-7.656301830988271e-5,"0.6175","1.0"
"PSIG_L_to_MTG_L_pole",0.24,0.78,0.00015460724581010696,-1.4409592816174066e-5,"1.0","0.4622465753424657"
"PSIG_L_to_PCC_L",0.78,0.24,5.2696512513691295e-5,-3.9166786887970904e-5,"0.5817931034482758","1.0"
"PSIG_L_to_PHG_L",0.94,0.08,4.27785882473738e-6,-6.830194832066305e-6,"0.2383050847457627","1.0"
"PSIG_L_to_PIns_L",0.02,1.0,0.00019812570193154444,0.0005268057334482985,"1.0","0.08127167630057804"
"PSIG_L_to_PSMG_L",0.02,1.0,0.00017836223096898908,0.0005191247800191216,"1.0","0.08127167630057804"
"PSIG_L_to_PSTG_L",0.4,0.62,2.7702704406573073e-5,2.222632229558913e-6,"1.0","0.7155216284987278"
"PSIG_L_to_PoCG_L",0.04,0.98,0.00011433230257657159,0.0001802332159730612,"1.0","0.11070866141732283"
"PSIG_L_to_PrCG_L",0.22,0.8,0.00010847599042486369,7.558215316388752e-5,"1.0","0.43080779944289693"
"PSIG_L_to_PrCu_L",0.14,0.88,5.134745013953364e-5,3.49682369433079e-5,"1.0","0.338213058419244"
"PSIG_L_to_SFG_L",0.38,0.64,1.1256399123505418e-5,1.9932248022303153e-6,"1.0","0.684974358974359"
"PSIG_L_to_SFG_PFC_L",0.04,0.98,8.961705710458336e-5,0.0002161467500481874,"1.0","0.11070866141732283"
"PSIG_L_to_SFG_pole_L",0.2,0.82,9.292290273600032e-7,7.299382779629132e-7,"1.0","0.407536231884058"
"PSIG_L_to_SMG_L",0.06,0.96,0.00017031932198840251,0.00024892532014071417,"1.0","0.16099236641221373"
"PSIG_L_to_SPG_L",0.72,0.3,5.02703874045676e-5,-6.783618444814788e-6,"0.7006644518272426","1.0"
"PSIG_L_to_STG_L",0.04,0.98,0.00011153189817951663,0.00028572065399265766,"1.0","0.11070866141732283"
"PSIG_L_to_STG_L_pole",0.04,0.98,6.893013181117812e-5,0.00011026614897281065,"1.0","0.11070866141732283"
"PSIG_L_to_dorsal_ACC_L",0.98,0.04,5.1358462048435105e-6,-9.799417459300149e-6,"0.13650485436893203","1.0"
"PSIG_L_to_rostral_ACC_L",0.2,0.82,1.9850068031929556e-6,1.4920212529278855e-6,"1.0","0.407536231884058"
"PSIG_L_to_subcallosal_ACC_L",1.0,0.02,1.0059915723871026e-6,-2.9093937554034604e-6,"0.0889873417721519","1.0"
"PSIG_L_to_subgenual_ACC_L",0.02,1.0,1.0425287758750785e-6,2.7330780394966288e-6,"1.0","0.08127167630057804"
"PSMG_L_to_AG_L",1.0,0.02,0.0003555459264795105,-0.0011188605156608117,"0.0889873417721519","1.0"
"PSMG_L_to_Amyg_L",0.2,0.82,4.562048405379685e-5,4.287348410147775e-5,"1.0","0.407536231884058"
"PSMG_L_to_Cu_L",0.56,0.46,0.00013797959248135284,-8.091268440842825e-6,"1.0","0.9672727272727274"
"PSMG_L_to_ENT_L",0.18,0.84,1.3855918977484047e-6,2.069868558091723e-6,"1.0","0.3979245283018868"
"PSMG_L_to_FuG_L",0.02,1.0,0.0009489975995657449,0.0025853004892692154,"1.0","0.08127167630057804"
"PSMG_L_to_Hippo_L",0.02,1.0,4.0825274152935416e-5,8.988072065445838e-5,"1.0","0.08127167630057804"
"PSMG_L_to_IFG_opercularis_L",0.88,0.14,0.00020262167181985137,-0.00036341136595672885,"0.3952610441767069","1.0"
"PSMG_L_to_IFG_orbitalis_L",0.28,0.74,0.00019542497639888848,3.0262737175430625e-5,"1.0","0.5249066666666667"
"PSMG_L_to_IFG_triangularis_L",0.28,0.74,0.00015628004723598765,0.00010359405582413245,"1.0","0.5249066666666667"
"PSMG_L_to_ITG_L",0.02,1.0,0.0006407795932124839,0.0020971683377581036,"1.0","0.08127167630057804"
"PSMG_L_to_Ins_L",0.14,0.88,3.520496763272788e-5,1.78254153785818e-5,"1.0","0.338213058419244"
"PSMG_L_to_LFOG_L",0.06,0.96,3.619709452957734e-5,7.439581067374934e-5,"1.0","0.16099236641221373"
"PSMG_L_to_LG_L",0.02,1.0,0.0006866161558582315,0.0012077938003761436,"1.0","0.08127167630057804"
"PSMG_L_to_MFG_DPFC_L",0.04,0.98,0.00013804587580628798,0.00034242114492528605,"1.0","0.11070866141732283"
"PSMG_L_to_MFG_L",1.0,0.02,4.887373665246728e-5,-0.00018038496136508234,"0.0889873417721519","1.0"
"PSMG_L_to_MFOG_L",0.96,0.06,2.429732512648484e-5,-1.7732070895579008e-5,"0.18830357142857143","1.0"
"PSMG_L_to_MTG_L",0.02,1.0,0.0005271089132601843,0.0012688011003209817,"1.0","0.08127167630057804"
"PSMG_L_to_MTG_L_pole",0.02,1.0,0.0002111822664612785,0.000511427456498569,"1.0","0.08127167630057804"
"PSMG_L_to_PCC_L",0.3,0.72,0.00015422492711473292,9.84377398565578e-5,"1.0","0.555"
"PSMG_L_to_PHG_L",0.02,1.0,2.34250273124478e-5,4.252921677411904e-5,"1.0","0.08127167630057804"
"PSMG_L_to_PIns_L",0.02,1.0,0.0001766113181526396,0.0004900260088958931,"1.0","0.08127167630057804"
"PSMG_L_to_PSTG_L",1.0,0.02,0.00045066582009492214,-0.0007937287283633679,"0.0889873417721519","1.0"
"PSMG_L_to_PoCG_L",0.98,0.04,0.00016331490930597458,-0.00033866894174165935,"0.13650485436893203","1.0"
"PSMG_L_to_PrCG_L",1.0,0.02,0.00022415431873500132,-0.0006241340741211293,"0.0889873417721519","1.0"
"PSMG_L_to_PrCu_L",0.06,0.96,0.00021087606554883449,0.00019098541650421988,"1.0","0.16099236641221373"
"PSMG_L_to_SFG_L",0.84,0.18,6.78897209089365e-5,-2.0961356023800455e-5,"0.4866923076923077","1.0"
"PSMG_L_to_SFG_PFC_L",0.04,0.98,0.00012515591664448138,0.0003413423339309273,"1.0","0.11070866141732283"
"PSMG_L_to_SFG_pole_L",0.98,0.04,2.117962692579232e-6,-4.305599755404615e-6,"0.13650485436893203","1.0"
"PSMG_L_to_SMG_L",0.2,0.82,0.00029474032847801165,0.00025302629660105453,"1.0","0.407536231884058"
"PSMG_L_to_SPG_L",1.0,0.02,0.00025514899497647715,-0.0005872199133541537,"0.0889873417721519","1.0"
"PSMG_L_to_STG_L",0.02,1.0,0.00024055752235886167,0.0006489515085231787,"1.0","0.08127167630057804"
"PSMG_L_to_STG_L_pole",0.02,1.0,0.00028622924768078554,0.0006690031903668788,"1.0","0.08127167630057804"
"PSMG_L_to_dorsal_ACC_L",1.0,0.02,2.0346349954534675e-5,-4.311475571318213e-5,"0.0889873417721519","1.0"
"PSMG_L_to_rostral_ACC_L",0.2,0.82,2.219419329968738e-6,2.513219446661734e-6,"1.0","0.407536231884058"
"PSMG_L_to_subcallosal_ACC_L",1.0,0.02,8.734781350472284e-7,-2.5558405171004696e-6,"0.0889873417721519","1.0"
"PSMG_L_to_subgenual_ACC_L",0.98,0.04,2.1952734017829654e-6,-3.54981607640591e-6,"0.13650485436893203","1.0"
"PSTG_L_to_AG_L",0.98,0.04,0.0002307955534122064,-0.00026084410309040246,"0.13650485436893203","1.0"
"PSTG_L_to_Amyg_L",0.28,0.74,3.546049822975314e-5,1.1936135214129727e-5,"1.0","0.5249066666666667"
"PSTG_L_to_Cu_L",1.0,0.02,0.00015349973261046028,-0.0002818440250113362,"0.0889873417721519","1.0"
"PSTG_L_to_ENT_L",0.18,0.84,2.0230785037982576e-6,2.8270804436163913e-6,"1.0","0.3979245283018868"
"PSTG_L_to_FuG_L",0.04,0.98,0.00012109504148143059,0.00021324690683412615,"1.0","0.11070866141732283"
"PSTG_L_to_Hippo_L",0.76,0.26,1.0902961741187435e-6,-3.8367658728631467e-7,"0.6175","1.0"
"PSTG_L_to_IFG_opercularis_L",1.0,0.02,0.00014019387592198102,-0.0005474463606923815,"0.0889873417721519","1.0"
"PSTG_L_to_IFG_orbitalis_L",0.08,0.94,4.323248434802047e-5,5.681157490372793e-5,"1.0","0.20907063197026024"
"PSTG_L_to_IFG_triangularis_L",1.0,0.02,0.00011127243637652593,-0.0003465760595481814,"0.0889873417721519","1.0"
"PSTG_L_to_ITG_L",0.28,0.74,3.223734874039245e-5,2.6541268219635835e-5,"1.0","0.5249066666666667"
"PSTG_L_to_Ins_L",0.82,0.2,8.651854640614977e-6,-4.29874283515424e-6,"0.5075812274368231","1.0"
"PSTG_L_to_LFOG_L",0.02,1.0,1.0098928047932941e-5,1.8928211309396656e-5,"1.0","0.08127167630057804"
"PSTG_L_to_LG_L",0.24,0.78,0.0001700935206907088,9.764119024223933e-5,"1.0","0.4622465753424657"
"PSTG_L_to_MFG_DPFC_L",0.02,1.0,8.66452338525709e-6,1.864167699874577e-5,"1.0","0.08127167630057804"
"PSTG_L_to_MFG_L",1.0,0.02,3.789033985144703e-5,-0.00011095698487767557,"0.0889873417721519","1.0"
"PSTG_L_to_MFOG_L",1.0,0.02,1.4607053355117274e-6,-3.545827753784911e-6,"0.0889873417721519","1.0"
"PSTG_L_to_MTG_L",1.0,0.02,0.0003465218665511401,-0.0006766363592983697,"0.0889873417721519","1.0"
"PSTG_L_to_MTG_L_pole",0.98,0.04,6.973594193851353e-5,-0.00011048625791753237,"0.13650485436893203","1.0"
"PSTG_L_to_PCC_L",0.94,0.08,0.00018798907801299107,-0.00019401731166406985,"0.2383050847457627","1.0"
"PSTG_L_to_PHG_L",0.1,0.92,2.156828034161035e-5,4.033559829704614e-5,"1.0","0.2556363636363636"
"PSTG_L_to_PIns_L",0.06,0.96,4.303340385819101e-5,7.642118568162598e-5,"1.0","0.16099236641221373"
"PSTG_L_to_PoCG_L",1.0,0.02,0.0002572463864612173,-0.0006412120957805415,"0.0889873417721519","1.0"
"PSTG_L_to_PrCG_L",1.0,0.02,0.0002672298144424628,-0.0007025042244208056,"0.0889873417721519","1.0"
"PSTG_L_to_PrCu_L",1.0,0.02,9.823822336281947e-5,-0.0003066931468911811,"0.0889873417721519","1.0"
"PSTG_L_to_SFG_L",1.0,0.02,7.512830512906575e-6,-2.3575635322350315e-5,"0.0889873417721519","1.0"
"PSTG_L_to_SFG_PFC_L",0.02,1.0,1.261362222263854e-5,3.37186817356003e-5,"1.0","0.08127167630057804"
"PSTG_L_to_SFG_pole_L",1.0,0.02,1.326916946613033e-6,-3.132522275142272e-6,"0.0889873417721519","1.0"
"PSTG_L_to_SMG_L",1.0,0.02,9.704501470079744e-5,-0.00020978304247504717,"0.0889873417721519","1.0"
"PSTG_L_to_SPG_L",1.0,0.02,0.0007203012047261626,-0.0014355824708012584,"0.0889873417721519","1.0"
"PSTG_L_to_STG_L",1.0,0.02,0.0005874787395312653,-0.0010747164023559815,"0.0889873417721519","1.0"
"PSTG_L_to_STG_L_pole",0.98,0.04,1.9130545260014147e-5,-3.972741317553363e-5,"0.13650485436893203","1.0"
"PSTG_L_to_dorsal_ACC_L",0.4,0.62,2.889196360765049e-5,7.529000458936129e-6,"1.0","0.7155216284987278"
"PSTG_L_to_rostral_ACC_L",0.2,0.82,2.0293379009131456e-6,1.8508909191613652e-6,"1.0","0.407536231884058"
"PSTG_L_to_subcallosal_ACC_L",0.9,0.12,3.356896231213659e-7,-5.2399437966232e-7,"0.3429268292682927","1.0"
"PSTG_L_to_subgenual_ACC_L",1.0,0.02,8.847791006690241e-6,-1.9031249963140672e-5,"0.0889873417721519","1.0"
"PoCG_L_to_IFG_opercularis_L",1.0,0.02,0.00016004158545244207,-0.0004613884096316889,"0.0889873417721519","1.0"
"PoCG_L_to_IFG_orbitalis_L",0.98,0.04,1.393587827289002e-5,-2.282364074900115e-5,"0.13650485436893203","1.0"
"PoCG_L_to_IFG_triangularis_L",1.0,0.02,0.0001360910047057226,-0.0003333811311074413,"0.0889873417721519","1.0"
"PoCG_L_to_LFOG_L",1.0,0.02,2.368976879707141e-6,-3.412476745611825e-6,"0.0889873417721519","1.0"
"PoCG_L_to_MFG_DPFC_L",1.0,0.02,4.311077694816418e-6,-1.3424569023145748e-5,"0.0889873417721519","1.0"
"PoCG_L_to_MFG_L",1.0,0.02,0.0001219885364103975,-0.000326985386020773,"0.0889873417721519","1.0"
"PoCG_L_to_MFOG_L",1.0,0.02,2.5262596970804364e-6,-4.824996960647438e-6,"0.0889873417721519","1.0"
"PoCG_L_to_SFG_L",0.02,1.0,0.00037707299388541765,0.0006924259497562274,"1.0","0.08127167630057804"
"PoCG_L_to_SFG_PFC_L",1.0,0.02,2.6166269167493266e-5,-7.15130504835255e-5,"0.0889873417721519","1.0"
"PoCG_L_to_SFG_pole_L",1.0,0.02,1.7376915963230655e-6,-4.100051672783302e-6,"0.0889873417721519","1.0"
"PrCG_L_to_IFG_opercularis_L",1.0,0.02,0.0006640043219153587,-0.0018028241782502927,"0.0889873417721519","1.0"
"PrCG_L_to_IFG_orbitalis_L",1.0,0.02,2.107923529428342e-5,-5.270398028366669e-5,"0.0889873417721519","1.0"
"PrCG_L_to_IFG_triangularis_L",1.0,0.02,0.0001552643345732275,-0.0005114944132070472,"0.0889873417721519","1.0"
"PrCG_L_to_LFOG_L",1.0,0.02,2.074829594896634e-6,-2.9758208255779615e-6,"0.0889873417721519","1.0"
"PrCG_L_to_MFG_DPFC_L",1.0,0.02,2.068243944539658e-5,-6.501004477324748e-5,"0.0889873417721519","1.0"
"PrCG_L_to_MFG_L",1.0,0.02,0.0008292912274411971,-0.0026655196237865587,"0.0889873417721519","1.0"
"PrCG_L_to_MFOG_L",0.26,0.76,7.129364048986064e-7,3.884847509440355e-7,"1.0","0.49668478260869564"
"PrCG_L_to_PoCG_L",0.02,1.0,0.0002428298164702292,0.0007309056957107346,"1.0","0.08127167630057804"
"PrCG_L_to_SFG_L",0.84,0.18,0.0003439897248254574,-0.0001728862044069666,"0.4866923076923077","1.0"
"PrCG_L_to_SFG_PFC_L",1.0,0.02,2.062911290737491e-5,-5.7059728336103746e-5,"0.0889873417721519","1.0"
"PrCG_L_to_SFG_pole_L",1.0,0.02,1.8016005868514973e-6,-3.775365400967944e-6,"0.0889873417721519","1.0"
"PrCu_L_to_AG_L",0.02,1.0,0.0003881391185121953,0.0007884426136240379,"1.0","0.08127167630057804"
"PrCu_L_to_IFG_opercularis_L",1.0,0.02,2.4678547815034847e-6,-8.606929930168707e-6,"0.0889873417721519","1.0"
"PrCu_L_to_IFG_orbitalis_L",0.76,0.26,1.0805218737969705e-5,-1.4313966697030006e-6,"0.6175","1.0"
"PrCu_L_to_IFG_triangularis_L",0.04,0.98,1.583476209390425e-5,1.9588694350322183e-5,"1.0","0.11070866141732283"
"PrCu_L_to_LFOG_L",1.0,0.02,2.2471351001921036e-6,-5.793880434288317e-6,"0.0889873417721519","1.0"
"PrCu_L_to_MFG_DPFC_L",0.98,0.04,2.1922960793584737e-6,-5.203731977613803e-6,"0.13650485436893203","1.0"
"PrCu_L_to_MFG_L",0.02,1.0,3.643266910787666e-5,6.933461704654102e-5,"1.0","0.08127167630057804"
"PrCu_L_to_MFOG_L",1.0,0.02,7.73146413676607e-6,-1.8955352610050994e-5,"0.0889873417721519","1.0"
"PrCu_L_to_PoCG_L",0.72,0.3,0.0002738764880296325,-0.00011138325497148799,"0.7006644518272426","1.0"
"PrCu_L_to_PrCG_L",0.02,1.0,0.00020209370111874328,0.0005859668310124712,"1.0","0.08127167630057804"
"PrCu_L_to_SFG_L",0.02,1.0,0.00016117646471795372,0.000325751378526185,"1.0","0.08127167630057804"
"PrCu_L_to_SFG_PFC_L",1.0,0.02,2.8941389630092807e-5,-7.349470490859491e-5,"0.0889873417721519","1.0"
"PrCu_L_to_SFG_pole_L",0.72,0.3,6.407034971160106e-7,-1.380169214753323e-7,"0.7006644518272426","1.0"
"PrCu_L_to_SMG_L",0.38,0.64,0.00010753403672077875,2.6661368413597333e-5,"1.0","0.684974358974359"
"PrCu_L_to_SPG_L",1.0,0.02,0.000417890851159897,-0.0009139311859038688,"0.0889873417721519","1.0"
"SFG_PFC_L_to_SFG_L",0.78,0.24,0.0004050163122381817,-0.00026477701742470404,"0.5817931034482758","1.0"
"SFG_pole_L_to_SFG_L",0.7,0.32,3.397182654125276e-6,-1.754085272731546e-6,"0.7424422442244224","1.0"
"SFG_pole_L_to_SFG_PFC_L",0.18,0.84,7.359184870029242e-5,0.00011464838414269479,"1.0","0.3979245283018868"
"SMG_L_to_IFG_opercularis_L",1.0,0.02,0.0002498380716849582,-0.0007849835070936105,"0.0889873417721519","1.0"
"SMG_L_to_IFG_orbitalis_L",0.84,0.18,2.65648629688491e-5,-5.610948716139369e-6,"0.4866923076923077","1.0"
"SMG_L_to_IFG_triangularis_L",0.96,0.06,0.00016470610231872105,-0.0002747681233831022,"0.18830357142857143","1.0"
"SMG_L_to_LFOG_L",0.98,0.04,2.162347585249881e-6,-3.937110607319439e-6,"0.13650485436893203","1.0"
"SMG_L_to_MFG_DPFC_L",1.0,0.02,8.903580631315225e-6,-2.8719345847446527e-5,"0.0889873417721519","1.0"
"SMG_L_to_MFG_L",1.0,0.02,0.00017809718741849628,-0.0004887615034454087,"0.0889873417721519","1.0"
"SMG_L_to_MFOG_L",1.0,0.02,3.2618051725726497e-6,-7.889737245899602e-6,"0.0889873417721519","1.0"
"SMG_L_to_PoCG_L",1.0,0.02,0.0008833373511413154,-0.002118874449360942,"0.0889873417721519","1.0"
"SMG_L_to_PrCG_L",1.0,0.02,0.0006018000913730557,-0.0016074151546223443,"0.0889873417721519","1.0"
"SMG_L_to_SFG_L",1.0,0.02,5.7977506278947724e-5,-0.0001861328466417422,"0.0889873417721519","1.0"
"SMG_L_to_SFG_PFC_L",1.0,0.02,2.0415418604820963e-5,-5.1897697119374896e-5,"0.0889873417721519","1.0"
"SMG_L_to_SFG_pole_L",1.0,0.02,4.709709968879004e-7,-1.50329413258717e-6,"0.0889873417721519","1.0"
"SMG_L_to_SPG_L",0.82,0.2,0.0004722313677011425,-0.00048384015836825154,"0.5075812274368231","1.0"
"SPG_L_to_IFG_opercularis_L",1.0,0.02,2.67933686402184e-5,-7.055268637598922e-5,"0.0889873417721519","1.0"
"SPG_L_to_IFG_orbitalis_L",0.28,0.74,1.1980510216719453e-5,4.919995021239768e-6,"1.0","0.5249066666666667"
"SPG_L_to_IFG_triangularis_L",0.56,0.46,1.3916243594800505e-5,2.6970787920831495e-6,"1.0","0.9672727272727274"
"SPG_L_to_LFOG_L",0.02,1.0,3.223488027604378e-6,6.12029196370094e-6,"1.0","0.08127167630057804"
"SPG_L_to_MFG_DPFC_L",1.0,0.02,6.393881942012324e-6,-1.9025560642517527e-5,"0.0889873417721519","1.0"
"SPG_L_to_MFG_L",0.22,0.8,0.0001299261314510664,0.00010296713262208553,"1.0","0.43080779944289693"
"SPG_L_to_MFOG_L",1.0,0.02,2.431447127089939e-6,-6.139984447929623e-6,"0.0889873417721519","1.0"
"SPG_L_to_PoCG_L",0.94,0.08,0.0002420527958809132,-0.0003980366933606022,"0.2383050847457627","1.0"
"SPG_L_to_PrCG_L",0.02,1.0,0.0005198036090560122,0.0010185876021590015,"1.0","0.08127167630057804"
"SPG_L_to_SFG_L",0.02,1.0,0.0010197044483913997,0.0017355938994886282,"1.0","0.08127167630057804"
"SPG_L_to_SFG_PFC_L",1.0,0.02,4.5723626160306056e-5,-0.0001292356305303501,"0.0889873417721519","1.0"
"SPG_L_to_SFG_pole_L",0.2,0.82,1.5473842657164742e-6,2.0209224705899686e-6,"1.0","0.407536231884058"
"STG_L_pole_to_AG_L",1.0,0.02,5.832141141208752e-6,-1.5665896268175436e-5,"0.0889873417721519","1.0"
"STG_L_pole_to_IFG_opercularis_L",1.0,0.02,2.4635281924247386e-5,-4.8117281725847776e-5,"0.0889873417721519","1.0"
"STG_L_pole_to_IFG_orbitalis_L",0.78,0.24,4.5966234753825706e-5,-2.3883841017610288e-5,"0.5817931034482758","1.0"
"STG_L_pole_to_IFG_triangularis_L",0.02,1.0,2.3057206949447033e-5,4.204547893691066e-5,"1.0","0.08127167630057804"
"STG_L_pole_to_LFOG_L",0.12,0.9,3.8175901435066606e-5,5.646930796239438e-5,"1.0","0.2980918727915194"
"STG_L_pole_to_MFG_DPFC_L",0.94,0.08,1.609392041780026e-5,-2.7501566766714046e-5,"0.2383050847457627","1.0"
"STG_L_pole_to_MFG_L",1.0,0.02,7.470878534419417e-6,-1.7894042756688132e-5,"0.0889873417721519","1.0"
"STG_L_pole_to_MFOG_L",0.98,0.04,8.340170368659488e-5,-0.0001413239216092753,"0.13650485436893203","1.0"
"STG_L_pole_to_PoCG_L",0.06,0.96,4.436355473636918e-6,5.3031246532917915e-6,"1.0","0.16099236641221373"
"STG_L_pole_to_PrCG_L",0.98,0.04,5.239859072731745e-5,-6.366551621659094e-5,"0.13650485436893203","1.0"
"STG_L_pole_to_PrCu_L",0.04,0.98,2.207440501477169e-5,2.1366114107595214e-5,"1.0","0.11070866141732283"
"STG_L_pole_to_SFG_L",0.92,0.1,1.2270528035873726e-5,-1.9178539047524843e-5,"0.29414225941422595","1.0"
"STG_L_pole_to_SFG_PFC_L",0.04,0.98,9.475308975916534e-6,1.4919009145095555e-5,"1.0","0.11070866141732283"
"STG_L_pole_to_SFG_pole_L",0.88,0.14,8.871790968965042e-7,-6.622054715124444e-7,"0.3952610441767069","1.0"
"STG_L_pole_to_SMG_L",0.04,0.98,7.451273542886373e-6,8.775802386022332e-6,"1.0","0.11070866141732283"
"STG_L_pole_to_SPG_L",0.04,0.98,2.8158451343871234e-5,4.4572868474130914e-5,"1.0","0.11070866141732283"
"STG_L_pole_to_STG_L",0.02,1.0,0.0003328454716772081,0.0008905612295064574,"1.0","0.08127167630057804"
"STG_L_to_AG_L",0.22,0.8,6.0621479734408016e-5,7.266980095592363e-5,"1.0","0.43080779944289693"
"STG_L_to_IFG_opercularis_L",0.28,0.74,3.089652086912885e-5,1.2094909690924925e-5,"1.0","0.5249066666666667"
"STG_L_to_IFG_orbitalis_L",0.1,0.92,0.00013613042771747793,0.00011097245965029639,"1.0","0.2556363636363636"
"STG_L_to_IFG_triangularis_L",0.02,1.0,8.315945411342358e-5,0.0001450383493399208,"1.0","0.08127167630057804"
"STG_L_to_LFOG_L",0.04,0.98,4.485500869842019e-5,9.981225254822569e-5,"1.0","0.11070866141732283"
"STG_L_to_MFG_DPFC_L",0.02,1.0,6.44127175436569e-5,0.00017862925303454677,"1.0","0.08127167630057804"
"STG_L_to_MFG_L",0.98,0.04,9.761839212715957e-6,-2.3701497135989468e-5,"0.13650485436893203","1.0"
"STG_L_to_MFOG_L",1.0,0.02,0.0001530698708754873,-0.0003409268363207458,"0.0889873417721519","1.0"
"STG_L_to_PoCG_L",1.0,0.02,0.0006246266477740276,-0.0015517388249969343,"0.0889873417721519","1.0"
"STG_L_to_PrCG_L",0.04,0.98,0.00019937724384314038,0.000325473424398185,"1.0","0.11070866141732283"
"STG_L_to_PrCu_L",0.86,0.16,4.01786815723348e-5,-2.4121225223699413e-5,"0.44634920634920633","1.0"
"STG_L_to_SFG_L",0.04,0.98,1.607278786167989e-5,2.9240606269416287e-5,"1.0","0.11070866141732283"
"STG_L_to_SFG_PFC_L",0.02,1.0,9.776198474162496e-5,0.0002403393859247662,"1.0","0.08127167630057804"
"STG_L_to_SFG_pole_L",0.98,0.04,2.1642932207538375e-6,-3.012862099129572e-6,"0.13650485436893203","1.0"
"STG_L_to_SMG_L",0.1,0.92,0.000342762112212347,0.000670388116679642,"1.0","0.2556363636363636"
"STG_L_to_SPG_L",0.96,0.06,0.0003395000151520571,-0.000281734036443719,"0.18830357142857143","1.0"
"dorsal_ACC_L_to_AG_L",0.94,0.08,1.9519524224449407e-5,-1.6617735789142383e-5,"0.2383050847457627","1.0"
"dorsal_ACC_L_to_Cu_L",0.8,0.22,0.000326088662609097,-0.00044629841714894156,"0.5465017667844523","1.0"
"dorsal_ACC_L_to_ENT_L",0.8,0.22,5.381512924919655e-7,-7.644208296623698e-7,"0.5465017667844523","1.0"
"dorsal_ACC_L_to_FuG_L",0.02,1.0,2.365305561831277e-5,4.595387261656115e-5,"1.0","0.08127167630057804"
"dorsal_ACC_L_to_IFG_opercularis_L",0.02,1.0,6.925831101200369e-5,9.5933637950255e-5,"1.0","0.08127167630057804"
"dorsal_ACC_L_to_IFG_orbitalis_L",1.0,0.02,5.0336971466567706e-5,-9.496817520839417e-5,"0.0889873417721519","1.0"
"dorsal_ACC_L_to_IFG_triangularis_L",0.02,1.0,3.227446524393555e-5,6.565779633223758e-5,"1.0","0.08127167630057804"
"dorsal_ACC_L_to_ITG_L",0.42,0.6,2.9002554516879444e-6,4.155853799863778e-7,"1.0","0.7474936708860759"
"dorsal_ACC_L_to_LFOG_L",0.02,1.0,1.691706314373567e-6,3.6524152757261503e-6,"1.0","0.08127167630057804"
"dorsal_ACC_L_to_LG_L",0.04,0.98,5.4717609177972116e-5,0.00011843931826798451,"1.0","0.11070866141732283"
"dorsal_ACC_L_to_MFG_DPFC_L",0.5,0.52,1.244021201240416e-5,-5.057735005579549e-7,"1.0","0.870049504950495"
"dorsal_ACC_L_to_MFG_L",0.02,1.0,0.00019968900024079674,0.0004056696534410619,"1.0","0.08127167630057804"
"dorsal_ACC_L_to_MFOG_L",0.04,0.98,9.315840634857537e-6,1.5812696361161433e-5,"1.0","0.11070866141732283"
"dorsal_ACC_L_to_MTG_L",0.04,0.98,9.966540932275519e-6,1.9908647868242466e-5,"1.0","0.11070866141732283"
"dorsal_ACC_L_to_MTG_L_pole",0.04,0.98,1.5594636987094802e-6,2.9439828034839142e-6,"1.0","0.11070866141732283"
"dorsal_ACC_L_to_PHG_L",0.02,1.0,3.759543137778127e-5,8.144856179194472e-5,"1.0","0.08127167630057804"
"dorsal_ACC_L_to_PoCG_L",0.58,0.44,0.00017172465281455927,-3.075542914865447e-5,"1.0","0.9993627450980392"
"dorsal_ACC_L_to_PrCG_L",0.04,0.98,0.0004752719477727501,0.0007687378036146834,"1.0","0.11070866141732283"
"dorsal_ACC_L_to_PrCu_L",0.04,0.98,0.00028351091865300203,0.0003952838823490057,"1.0","0.11070866141732283"
"dorsal_ACC_L_to_SFG_L",0.82,0.2,0.00025026076068450685,-0.0002996951936531152,"0.5075812274368231","1.0"
"dorsal_ACC_L_to_SFG_PFC_L",0.98,0.04,0.000292772388200997,-0.0004563436879467963,"0.13650485436893203","1.0"
"dorsal_ACC_L_to_SFG_pole_L",1.0,0.02,2.0217393837565676e-6,-5.770821004351055e-6,"0.0889873417721519","1.0"
"dorsal_ACC_L_to_SMG_L",0.46,0.56,3.727486230318138e-5,-1.1889774067156102e-6,"1.0","0.8084500000000001"
"dorsal_ACC_L_to_SPG_L",0.92,0.1,0.00030525575969733,-0.00046086079404175596,"0.29414225941422595","1.0"
"dorsal_ACC_L_to_STG_L",0.04,0.98,7.792979806687977e-5,0.00015095663016021703,"1.0","0.11070866141732283"
"dorsal_ACC_L_to_STG_L_pole",0.3,0.72,2.5481596604597197e-6,1.8351665749893232e-6,"1.0","0.555"
"dorsal_ACC_L_to_rostral_ACC_L",0.02,1.0,0.0009021202665283588,0.0017172391371434903,"1.0","0.08127167630057804"
"dorsal_ACC_L_to_subcallosal_ACC_L",0.04,0.98,7.338379942297256e-5,0.00010749036061441172,"1.0","0.11070866141732283"
"dorsal_ACC_L_to_subgenual_ACC_L",0.02,1.0,1.443617260471001e-5,4.5742004795779385e-5,"1.0","0.08127167630057804"
"rostral_ACC_L_to_AG_L",0.38,0.64,1.8987559615931202e-6,1.7464708591407402e-7,"1.0","0.684974358974359"
"rostral_ACC_L_to_Cu_L",0.8,0.22,1.4573562694661876e-5,-2.2123688857116742e-5,"0.5465017667844523","1.0"
"rostral_ACC_L_to_ENT_L",0.02,0.02,0.0,0.0,"0.0889873417721519","0.08127167630057804"
"rostral_ACC_L_to_FuG_L",0.04,0.98,2.624918170732122e-6,3.066284321537356e-6,"1.0","0.11070866141732283"
"rostral_ACC_L_to_IFG_opercularis_L",0.02,1.0,4.2423745690645225e-6,1.3036541821007665e-5,"1.0","0.08127167630057804"
"rostral_ACC_L_to_IFG_orbitalis_L",0.02,1.0,7.676112464181431e-6,2.2230585678090887e-5,"1.0","0.08127167630057804"
"rostral_ACC_L_to_IFG_triangularis_L",0.02,1.0,6.350397546058987e-6,2.5375724099518518e-5,"1.0","0.08127167630057804"
"rostral_ACC_L_to_ITG_L",0.84,0.18,7.737243798097431e-7,-7.793379032343599e-7,"0.4866923076923077","1.0"
"rostral_ACC_L_to_LFOG_L",0.02,1.0,5.926948668741678e-6,1.5164684178356607e-5,"1.0","0.08127167630057804"
"rostral_ACC_L_to_LG_L",0.02,1.0,2.773853864630936e-6,9.084744635380203e-6,"1.0","0.08127167630057804"
"rostral_ACC_L_to_MFG_DPFC_L",0.04,0.98,1.671211110279031e-5,3.488442703118821e-5,"1.0","0.11070866141732283"
"rostral_ACC_L_to_MFG_L",0.02,1.0,1.1579529521292396e-6,2.1365314851839654e-6,"1.0","0.08127167630057804"
"rostral_ACC_L_to_MFOG_L",0.04,0.98,4.260924539498115e-6,7.83004706340643e-6,"1.0","0.11070866141732283"
"rostral_ACC_L_to_MTG_L",0.32,0.7,2.0649274352081474e-6,1.09820500566514e-6,"1.0","0.5858333333333333"
"rostral_ACC_L_to_MTG_L_pole",0.84,0.18,2.0315234462938273e-6,-8.071134165033228e-7,"0.4866923076923077","1.0"
"rostral_ACC_L_to_PHG_L",0.56,0.46,5.273263173215156e-7,-3.601424449375606e-8,"1.0","0.9672727272727274"
"rostral_ACC_L_to_PoCG_L",0.02,1.0,1.1293107357017141e-5,1.8628159475001535e-5,"1.0","0.08127167630057804"
"rostral_ACC_L_to_PrCG_L",0.02,1.0,0.0003620166347604999,0.0006615893754373252,"1.0","0.08127167630057804"
"rostral_ACC_L_to_PrCu_L",0.04,0.98,0.00011161871990239612,0.00017678764318734206,"1.0","0.11070866141732283"
"rostral_ACC_L_to_SFG_L",0.82,0.2,4.327978832567705e-5,-5.002274613427173e-5,"0.5075812274368231","1.0"
"rostral_ACC_L_to_SFG_PFC_L",0.14,0.88,0.00014730331208919075,4.8678562041694154e-5,"1.0","0.338213058419244"
"rostral_ACC_L_to_SFG_pole_L",0.94,0.08,5.2715187095912996e-6,-7.401776932317422e-6,"0.2383050847457627","1.0"
"rostral_ACC_L_to_SMG_L",0.22,0.8,2.2217452512417146e-6,1.6548869974656237e-6,"1.0","0.43080779944289693"
"rostral_ACC_L_to_SPG_L",1.0,0.02,2.5875545914066365e-5,-6.292982553652063e-5,"0.0889873417721519","1.0"
"rostral_ACC_L_to_STG_L",0.2,0.82,2.7624228364079936e-6,2.872150399844681e-6,"1.0","0.407536231884058"
"rostral_ACC_L_to_STG_L_pole",0.84,0.18,1.9735311173680036e-6,-8.698214099363833e-7,"0.4866923076923077","1.0"
"subcallosal_ACC_L_to_AG_L",0.3,0.72,3.546285109206456e-7,1.930427794933205e-7,"1.0","0.555"
"subcallosal_ACC_L_to_Cu_L",0.82,0.2,2.704749265096915e-6,-4.6456761948067075e-6,"0.5075812274368231","1.0"
"subcallosal_ACC_L_to_ENT_L",0.02,0.02,0.0,0.0,"0.0889873417721519","0.08127167630057804"
"subcallosal_ACC_L_to_FuG_L",1.0,0.02,1.4544359770888831e-6,-3.295635475354169e-6,"0.0889873417721519","1.0"
"subcallosal_ACC_L_to_IFG_opercularis_L",0.04,0.98,4.373621277968647e-8,9.98139982379113e-8,"1.0","0.11070866141732283"
"subcallosal_ACC_L_to_IFG_orbitalis_L",0.18,0.84,7.050705927339722e-7,6.735989131599705e-7,"1.0","0.3979245283018868"
"subcallosal_ACC_L_to_IFG_triangularis_L",0.04,0.98,6.30689506725381e-8,2.1853784001110306e-7,"1.0","0.11070866141732283"
"subcallosal_ACC_L_to_ITG_L",1.0,0.02,2.591295840784176e-6,-6.7816017404476e-6,"0.0889873417721519","1.0"
"subcallosal_ACC_L_to_LFOG_L",1.0,0.02,4.812931190160565e-6,-9.951427647512165e-6,"0.0889873417721519","1.0"
"subcallosal_ACC_L_to_LG_L",0.96,0.06,1.3636357278072131e-6,-2.332685420195081e-6,"0.18830357142857143","1.0"
"subcallosal_ACC_L_to_MFG_DPFC_L",0.04,0.98,3.0725696051416737e-7,5.55036723905399e-7,"1.0","0.11070866141732283"
"subcallosal_ACC_L_to_MFG_L",0.26,0.76,2.3801503448193773e-7,2.521986084149578e-7,"1.0","0.49668478260869564"
"subcallosal_ACC_L_to_MFOG_L",1.0,0.02,4.119387077836274e-6,-1.3381826105420488e-5,"0.0889873417721519","1.0"
"subcallosal_ACC_L_to_MTG_L",1.0,0.02,4.30107358453576e-6,-1.1488867819686876e-5,"0.0889873417721519","1.0"
"subcallosal_ACC_L_to_MTG_L_pole",1.0,0.02,5.046859803577186e-6,-1.1838355743629152e-5,"0.0889873417721519","1.0"
"subcallosal_ACC_L_to_PHG_L",0.98,0.04,1.2007231209958389e-6,-2.7050090074951705e-6,"0.13650485436893203","1.0"
"subcallosal_ACC_L_to_PoCG_L",0.04,0.98,3.281851772999984e-6,5.39432102476467e-6,"1.0","0.11070866141732283"
"subcallosal_ACC_L_to_PrCG_L",0.02,1.0,3.168276700661787e-5,5.7986303606050826e-5,"1.0","0.08127167630057804"
"subcallosal_ACC_L_to_PrCu_L",0.04,0.98,4.0964345328880715e-6,7.463648664050743e-6,"1.0","0.11070866141732283"
"subcallosal_ACC_L_to_SFG_L",0.02,1.0,7.197915482215586e-6,1.3367418292693686e-5,"1.0","0.08127167630057804"
"subcallosal_ACC_L_to_SFG_PFC_L",1.0,0.02,1.855986183612578e-6,-2.838121737014758e-6,"0.0889873417721519","1.0"
"subcallosal_ACC_L_to_SFG_pole_L",0.96,0.04,1.4376523778943328e-7,-2.650822307419097e-7,"0.13650485436893203","1.0"
"subcallosal_ACC_L_to_SMG_L",0.88,0.12,3.170231721914279e-7,-4.7189341815989836e-7,"0.3429268292682927","1.0"
"subcallosal_ACC_L_to_SPG_L",1.0,0.02,2.3999223920064387e-6,-4.798178221042886e-6,"0.0889873417721519","1.0"
"subcallosal_ACC_L_to_STG_L",1.0,0.02,6.6129142716120715e-6,-1.724446538278371e-5,"0.0889873417721519","1.0"
"subcallosal_ACC_L_to_STG_L_pole",1.0,0.02,4.13028578818066e-6,-1.0976752139720934e-5,"0.0889873417721519","1.0"
"subcallosal_ACC_L_to_rostral_ACC_L",0.04,0.98,0.00014803175462350203,0.00023526936204469018,"1.0","0.11070866141732283"
"subgenual_ACC_L_to_AG_L",1.0,0.02,1.7320318065483692e-6,-3.710843491284687e-6,"0.0889873417721519","1.0"
"subgenual_ACC_L_to_Cu_L",1.0,0.02,2.1784649761409056e-6,-4.662657209245804e-6,"0.0889873417721519","1.0"
"subgenual_ACC_L_to_ENT_L",0.02,0.02,0.0,0.0,"0.0889873417721519","0.08127167630057804"
"subgenual_ACC_L_to_FuG_L",0.82,0.2,1.6522459955143994e-6,-1.2650202458392515e-6,"0.5075812274368231","1.0"
"subgenual_ACC_L_to_IFG_opercularis_L",0.12,0.9,6.534052204031317e-8,1.1508824620355176e-7,"1.0","0.2980918727915194"
"subgenual_ACC_L_to_IFG_orbitalis_L",0.02,1.0,1.7421006516827609e-7,5.554811408697931e-7,"1.0","0.08127167630057804"
"subgenual_ACC_L_to_IFG_triangularis_L",0.02,1.0,2.277557003957678e-7,6.398064321650231e-7,"1.0","0.08127167630057804"
"subgenual_ACC_L_to_ITG_L",0.98,0.04,3.6785341174019663e-6,-5.957650967883355e-6,"0.13650485436893203","1.0"
"subgenual_ACC_L_to_LFOG_L",0.98,0.04,2.2196976791815177e-6,-2.0337279429144627e-6,"0.13650485436893203","1.0"
"subgenual_ACC_L_to_LG_L",0.98,0.04,2.1287324151005754e-6,-3.0864762182582416e-6,"0.13650485436893203","1.0"
"subgenual_ACC_L_to_MFG_DPFC_L",0.8,0.22,2.607567128896653e-7,-1.4674051675457125e-7,"0.5465017667844523","1.0"
"subgenual_ACC_L_to_MFG_L",0.8,0.22,5.141920270191556e-7,-2.5989366075425115e-7,"0.5465017667844523","1.0"
"subgenual_ACC_L_to_MFOG_L",0.04,0.98,3.50456556106435e-5,7.361173032550023e-5,"1.0","0.11070866141732283"
"subgenual_ACC_L_to_MTG_L",0.98,0.04,2.762053624206805e-6,-3.3342721413783955e-6,"0.13650485436893203","1.0"
"subgenual_ACC_L_to_MTG_L_pole",0.92,0.1,3.212716753701887e-6,-3.9339348477983375e-6,"0.29414225941422595","1.0"
"subgenual_ACC_L_to_PHG_L",1.0,0.02,1.8803431518007056e-5,-3.60775513929612e-5,"0.0889873417721519","1.0"
"subgenual_ACC_L_to_PoCG_L",0.98,0.04,1.153172266709642e-6,-2.5244617713430306e-6,"0.13650485436893203","1.0"
"subgenual_ACC_L_to_PrCG_L",0.04,0.98,5.397574254709275e-6,9.784494984894664e-6,"1.0","0.11070866141732283"
"subgenual_ACC_L_to_PrCu_L",0.82,0.2,4.374070495430992e-6,-3.330003344856658e-6,"0.5075812274368231","1.0"
"subgenual_ACC_L_to_SFG_L",0.08,0.94,4.569977586807075e-7,7.310210879812179e-7,"1.0","0.20907063197026024"
"subgenual_ACC_L_to_SFG_PFC_L",0.7,0.32,3.4286838301007083e-6,-1.5918149826866933e-6,"0.7424422442244224","1.0"
"subgenual_ACC_L_to_SFG_pole_L",0.02,0.98,5.2025000336408027e-8,1.6557004554734043e-7,"1.0","0.08127167630057804"
"subgenual_ACC_L_to_SMG_L",1.0,0.02,1.4865570024134662e-6,-3.280685267351158e-6,"0.0889873417721519","1.0"
"subgenual_ACC_L_to_SPG_L",1.0,0.02,7.173303571643468e-6,-1.46831927268064e-5,"0.0889873417721519","1.0"
"subgenual_ACC_L_to_STG_L",0.98,0.04,2.799247198470108e-6,-2.1799103387175755e-6,"0.13650485436893203","1.0"
"subgenual_ACC_L_to_STG_L_pole",1.0,0.02,4.117507697758318e-6,-7.540671725656101e-6,"0.0889873417721519","1.0"
"subgenual_ACC_L_to_rostral_ACC_L",0.02,1.0,4.7335084760177826e-5,0.00011193611239567826,"1.0","0.08127167630057804"
"subgenual_ACC_L_to_subcallosal_ACC_L",0.82,0.2,0.00028862618427611666,-0.00040118113823656805,"0.5075812274368231","1.0"
