,abs_coef_mean,abs_coef_med,coef_mean,coef_med,coef_std,name,rank_mean,rank_med,rank_std,roi
43,0.00010502663183,0.000104622967395,-0.00010502663183,-0.000104622967395,0.000537395626687,ITG_R,8316.71808511,8196.5,5076.70675318,43
97,9.38695248687e-05,8.24650916999e-05,9.38695248687e-05,8.24650916999e-05,0.000453820799289,CP_R,9084.84574468,9395.5,4806.61888426,97
163,8.64041359153e-05,7.78944336169e-05,-8.64041359153e-05,-7.78944336169e-05,0.000480055266083,LenticularFasc_R,8347.33510638,7921.5,4823.29522517,163
9,3.92319480036e-05,7.59487209871e-05,3.92319480036e-05,7.59487209871e-05,0.000477706751733,MFG_DPFC_R,8778.2393617,8671.0,5119.19608062,9
138,6.94077711749e-05,7.28783774001e-05,6.94077711749e-05,7.28783774001e-05,0.000492858991865,CGC_L,8750.5,8746.0,5150.35659011,138
18,8.84733943455e-05,7.16516268992e-05,-8.84733943455e-05,-7.16516268992e-05,0.000526357089148,MFOG_L,8170.30851064,7552.5,5223.35618859,18
117,7.50866000805e-05,7.08845629277e-05,-7.50866000805e-05,-7.08845629277e-05,0.000520643248144,ACR_R,8529.49468085,8123.5,5159.84355744,117
47,7.7229977022e-05,6.81209217645e-05,7.7229977022e-05,6.81209217645e-05,0.000519068324057,ENT_R,8614.90957447,8595.0,5281.83375609,47
150,9.15056301872e-05,6.63139545777e-05,-9.15056301872e-05,-6.63139545777e-05,0.000500935138093,SS_L,9004.40957447,9407.5,5084.07846912,150
83,5.56521835278e-05,6.44192307287e-05,5.56521835278e-05,6.44192307287e-05,0.000511405335978,Thal_R,8075.03723404,7742.0,4882.77416065,83
184,0.000110312353518,6.25564354825e-05,0.000110312353518,6.25564354825e-05,0.000549322157575,PSTG_R,8674.45212766,9356.5,5273.05657079,184
2,5.8912177378e-05,5.86317311163e-05,-5.8912177378e-05,-5.86317311163e-05,0.000560765813002,SFG_PFC_L,7969.89893617,7695.0,4973.51447354,2
169,3.86541785114e-05,5.73644360391e-05,3.86541785114e-05,5.73644360391e-05,0.00048597441206,OpticTract_R,8477.43085106,7938.5,4880.92120605,169
167,1.65405778843e-05,5.67225654351e-05,1.65405778843e-05,5.67225654351e-05,0.000524916841553,Mammillary_R,8563.4893617,8129.5,4928.08861731,167
100,6.52312471793e-05,5.44252427803e-05,6.52312471793e-05,5.44252427803e-05,0.000451520220888,CST_L,9330.29255319,9833.5,4839.02617517,100
182,4.6421317832e-05,5.4020474198e-05,4.6421317832e-05,5.4020474198e-05,0.000468997332721,PIns_R,8789.51595745,8484.5,4825.20593594,182
32,2.95373586052e-05,5.30693311335e-05,2.95373586052e-05,5.30693311335e-05,0.000559411328829,PrCu_L,8347.19148936,7570.5,5337.44526361,32
15,3.94613158606e-05,5.28518650664e-05,3.94613158606e-05,5.28518650664e-05,0.00051855858922,IFG_triangularis_R,8666.4893617,8961.0,5163.74188039,15
51,4.16253749049e-05,5.04429311238e-05,4.16253749049e-05,5.04429311238e-05,0.000509677698066,SOG_R,8961.2606383,9123.0,5267.13625421,51
186,4.31963028505e-05,4.87962970387e-05,4.31963028505e-05,4.87962970387e-05,0.000488442554234,PSMG_R,8410.09042553,8899.5,4551.11460364,186
177,5.41294575182e-05,4.77703719916e-05,5.41294575182e-05,4.77703719916e-05,0.000504115980935,LV_atrium_R,8863.09042553,8608.5,5092.03203255,177
112,3.720796886e-05,4.71731207277e-05,3.720796886e-05,4.71731207277e-05,0.000449587314507,Pons_L,9627.64893617,10125.5,4868.31018065,112
37,2.37309093665e-05,4.50944753702e-05,2.37309093665e-05,4.50944753702e-05,0.000463882569661,STG_R_pole,9401.0106383,9757.0,5114.48082886,37
31,3.89125713333e-05,4.48875841377e-05,-3.89125713333e-05,4.48875841377e-05,0.000550051535256,AG_R,8154.43617021,8085.5,4956.63839748,31
55,8.79214549728e-05,4.45051494102e-05,-8.79214549728e-05,-4.45051494102e-05,0.00048067019018,IOG_R,8944.96808511,9142.5,5291.56859954,55
179,3.65913341895e-06,4.34726483568e-05,-3.65913341895e-06,4.34726483568e-05,0.000515412592389,LV_temporal_R,8763.57446809,8483.0,5118.37989762,179
78,6.86283278101e-06,4.28103896704e-05,-6.86283278101e-06,-4.28103896704e-05,0.000638315138926,Put_L,8183.47340426,8347.0,5530.77478647,78
0,3.45566193133e-05,4.12131350576e-05,-3.45566193133e-05,-4.12131350576e-05,0.000507409983124,SFG_L,8574.30319149,8451.5,4971.07993625,0
115,4.88029909968e-05,4.04870182617e-05,-4.88029909968e-05,-4.04870182617e-05,0.00052642418756,Medulla_R,8469.61702128,7911.0,5150.44657247,115
187,1.50349989654e-05,4.04262962139e-05,1.50349989654e-05,4.04262962139e-05,0.000498777472517,PSIG_L,9130.04255319,8909.5,5119.06377414,187
58,1.07687516213e-05,3.9455054315e-05,1.07687516213e-05,3.9455054315e-05,0.00046788037914,LG_L,9446.65425532,9611.0,5018.71292971,58
183,1.02355757092e-07,3.9115123679e-05,-1.02355757092e-07,3.9115123679e-05,0.000541627965056,PSTG_L,8943.32446809,9789.0,5289.12783966,183
140,7.42833322325e-05,3.91149142495e-05,-7.42833322325e-05,-3.91149142495e-05,0.000573765049164,CGH_L,8595.75,7954.5,5491.1475573,140
54,2.28314639323e-05,3.85274780817e-05,2.28314639323e-05,3.85274780817e-05,0.000448816203874,IOG_L,9387.86170213,9455.0,4930.82783521,54
107,4.3340802799e-05,3.81145724497e-05,4.3340802799e-05,3.81145724497e-05,0.000495183044792,PCT_R,8671.90957447,9054.5,4942.10237881,107
137,3.08906093546e-05,3.69262762305e-05,3.08906093546e-05,3.69262762305e-05,0.000486265442737,EC_R,9084.11170213,8999.5,5181.01586536,137
12,4.03487212852e-05,3.55574336759e-05,4.03487212852e-05,3.55574336759e-05,0.000492461191748,IFG_orbitalis_L,8719.96808511,8358.5,4956.25680317,12
40,9.3717673012e-06,3.54376407164e-05,-9.3717673012e-06,-3.54376407164e-05,0.000496115865874,MTG_L_pole,8984.61170213,9344.5,4992.66465792,40
1,3.31789810452e-05,3.46370851868e-05,3.31789810452e-05,3.46370851868e-05,0.000471466849175,SFG_R,9046.0212766,9162.0,4884.15859711,1
82,3.59859846764e-05,3.43533817821e-05,-3.59859846764e-05,-3.43533817821e-05,0.000485456502799,Thal_L,8890.57978723,8668.0,4980.36557756,82
121,2.502145058e-05,3.37488500539e-05,2.502145058e-05,3.37488500539e-05,0.000516660909525,PCR_R,8695.07446809,8418.5,4937.80944463,121
5,1.6838520156e-05,3.30979663315e-05,1.6838520156e-05,3.30979663315e-05,0.000485582936057,SFG_pole_R,8705.63297872,8239.5,5127.49029361,5
72,6.83739918676e-05,3.29291058669e-05,-6.83739918676e-05,-3.29291058669e-05,0.000492002326687,Amyg_L,9198.43085106,9365.5,5071.89863003,72
168,3.62020920339e-05,3.24074320778e-05,-3.62020920339e-05,-3.24074320778e-05,0.000479576999654,OpticTract_L,9051.05319149,8709.0,5128.7119912,168
84,6.99892004735e-05,3.22169396762e-05,6.99892004735e-05,3.22169396762e-05,0.000525604896368,Hypothalamus_L,8680.59574468,8061.5,5229.26883099,84
63,1.25692407708e-05,3.19711652051e-05,1.25692407708e-05,3.19711652051e-05,0.000503040315156,subcallosal_ACC_R,8943.4787234,9206.5,5088.5965089,63
147,4.61573936083e-05,3.17909640742e-05,-4.61573936083e-05,-3.17909640742e-05,0.000424363205003,IFO_R,9747.11702128,10207.5,5162.87234473,147
146,5.86787757054e-05,3.15584221509e-05,-5.86787757054e-05,-3.15584221509e-05,0.000509775993596,IFO_L,8472.62765957,8304.5,5106.01017051,146
181,2.89885761198e-05,3.14802909505e-05,2.89885761198e-05,3.14802909505e-05,0.000522133922226,PIns_L,8512.28723404,8940.5,5007.84824077,181
3,2.60553166133e-05,3.10503438905e-05,2.60553166133e-05,3.10503438905e-05,0.000512451147513,SFG_PFC_R,8238.55319149,7976.0,4989.51560907,3
48,3.95033314255e-05,3.05719487356e-05,-3.95033314255e-05,-3.05719487356e-05,0.000460053558328,FuG_L,9358.07446809,9547.0,4965.69227511,48
145,1.48165078271e-05,2.95297746238e-05,-1.48165078271e-05,2.95297746238e-05,0.000485590776117,Fx_R,9366.73404255,9997.5,5275.81170658,145
130,4.1615150713e-06,2.89660612252e-05,4.1615150713e-06,2.89660612252e-05,0.000538441264764,ALIC_L,8069.79255319,7403.0,5183.19958427,130
160,3.50524513216e-05,2.89121245174e-05,-3.50524513216e-05,-2.89121245174e-05,0.000486127186355,AnteriorCom_L,8759.12234043,8274.5,5028.61246893,160
110,4.08557077564e-05,2.83023081969e-05,-4.08557077564e-05,-2.83023081969e-05,0.000474871570448,ML_L,8875.36702128,8570.0,5137.20531156,110
10,2.5008728923e-05,2.81269339412e-05,2.5008728923e-05,2.81269339412e-05,0.000483413586242,IFG_opercularis_L,9309.57978723,9905.0,5257.02020595,10
148,2.70620853099e-05,2.80045303613e-05,-2.70620853099e-05,-2.80045303613e-05,0.000491650122864,PTR_L,9301.30319149,9503.5,5105.12882062,148
114,9.46672176321e-06,2.77893144243e-05,9.46672176321e-06,2.77893144243e-05,0.000539224634712,Medulla_L,8706.42021277,8638.0,5115.4228688,114
42,6.60669407351e-06,2.77237102696e-05,6.60669407351e-06,2.77237102696e-05,0.00049557094392,ITG_L,9063.22340426,9139.0,4933.94931723,42
171,7.1742865104e-05,2.75916870253e-05,-7.1742865104e-05,-2.75916870253e-05,0.000496936531556,LV_body_L,8798.53191489,8850.0,5016.82864818,171
20,3.16363634393e-05,2.67150532599e-05,3.16363634393e-05,2.67150532599e-05,0.000548732059721,RG_L,8846.10638298,9569.5,5178.77770732,20
33,1.49987658247e-05,2.66274997033e-05,1.49987658247e-05,2.66274997033e-05,0.000495767328786,PrCu_R,9066.46276596,9245.5,5179.39603229,33
173,1.14747005211e-05,2.63982023926e-05,1.14747005211e-05,2.63982023926e-05,0.000442410714117,LV_occipital_L,9538.14893617,10059.5,4935.52865296,173
172,4.76181259352e-05,2.5107551349e-05,4.76181259352e-05,2.5107551349e-05,0.00048604930237,LV_atrium_L,9529.51595745,9220.0,5247.24226606,172
142,1.1800979058e-05,2.4947835397e-05,1.1800979058e-05,2.4947835397e-05,0.000514311124359,Fx/ST_L,8404.70212766,7556.5,5053.36230038,142
38,7.36446654808e-06,2.47233765275e-05,7.36446654808e-06,2.47233765275e-05,0.000475125818499,MTG_L,8905.4787234,8727.0,5036.16868312,38
6,5.28067617919e-05,2.4365061159e-05,-5.28067617919e-05,-2.4365061159e-05,0.000508391351958,MFG_L,8662.97340426,8642.5,5135.16945217,6
22,5.55764807804e-06,2.42316195462e-05,-5.55764807804e-06,2.42316195462e-05,0.000528962754997,PoCG_L,8476.92553191,8111.5,4973.02698338,22
52,3.08811308562e-05,2.40113147791e-05,3.08811308562e-05,2.40113147791e-05,0.000489277146078,MOG_L,8632.28191489,8413.0,4908.95786166,52
67,1.6773350363e-05,2.39850267346e-05,1.6773350363e-05,2.39850267346e-05,0.000551115917571,dorsal_ACC_R,8425.28723404,8916.0,5129.55353833,67
50,5.73570703572e-05,2.39520306735e-05,5.73570703572e-05,2.39520306735e-05,0.000471900979486,SOG_L,8617.9893617,8465.5,4964.23305125,50
79,3.40109789804e-05,2.36092196053e-05,-3.40109789804e-05,-2.36092196053e-05,0.00048215531672,Put_R,8798.66489362,8356.0,4958.75810845,79
19,2.70943529135e-05,2.35352057031e-05,2.70943529135e-05,2.35352057031e-05,0.000516982075629,MFOG_R,9091.9787234,9611.0,5325.63328564,19
102,2.92976239268e-05,2.23096751021e-05,-2.92976239268e-05,-2.23096751021e-05,0.000456734417837,SCP_L,8943.32446809,8957.0,4908.32538566,102
176,2.86574405434e-05,2.21129442529e-05,2.86574405434e-05,2.21129442529e-05,0.000483006497394,LV_body_R,8698.81382979,8483.5,5033.09370222,176
161,1.75659306951e-05,2.1900912217e-05,1.75659306951e-05,2.1900912217e-05,0.000458214006373,AnteriorCom_R,9212.43085106,9467.5,5077.21906841,161
7,9.01530063801e-07,2.13935287062e-05,-9.01530063801e-07,2.13935287062e-05,0.000485046694708,MFG_R,9211.32446809,9893.5,5163.32307395,7
87,1.75510751556e-05,2.0845137591e-05,1.75510751556e-05,2.0845137591e-05,0.000506735551162,Mynert_R,9540.87234043,10336.5,5520.86968988,87
99,6.48171443759e-06,2.00064138813e-05,6.48171443759e-06,2.00064138813e-05,0.000505854286568,Midbrain_R,8397.54787234,8566.0,5014.06901297,99
165,1.96935772644e-05,1.99731011376e-05,1.96935772644e-05,1.99731011376e-05,0.000487994177766,OlfactoryRadiation_R,9260.89361702,9220.0,4977.7045882,165
24,2.22902470044e-05,1.9926109842e-05,2.22902470044e-05,1.9926109842e-05,0.000516162065353,PrCG_L,9280.18617021,9713.0,5112.47416915,24
34,1.90127958313e-05,1.98908879441e-05,1.90127958313e-05,1.98908879441e-05,0.000525685572962,STG_L,8475.33510638,8356.0,5281.95638617,34
89,6.50794145595e-05,1.96626793373e-05,-6.50794145595e-05,-1.96626793373e-05,0.000458364432026,NucAccumbens_R,9181.42553191,8993.0,5129.59867575,89
25,7.04062848157e-05,1.93992916382e-05,-7.04062848157e-05,-1.93992916382e-05,0.000482976085514,PrCG_R,8622.90957447,8165.0,5190.3428962,25
125,2.38986200071e-05,1.91931604363e-05,-2.38986200071e-05,1.91931604363e-05,0.000471402133027,BCC_R,8642.08510638,8092.0,5012.47123016,125
44,1.73647883426e-05,1.84651960281e-05,-1.73647883426e-05,1.84651960281e-05,0.000453659971695,PHG_L,9473.68617021,9863.5,5140.00587511,44
128,1.55228656162e-05,1.81423291454e-05,1.55228656162e-05,1.81423291454e-05,0.000506389686443,TAP_L,8589.63829787,8537.5,5223.24229185,128
159,2.0092780756e-05,1.80260819813e-05,-2.0092780756e-05,-1.80260819813e-05,0.000561067398101,AnsaLenticularis_R,8434.68617021,8351.0,5378.3490054,159
170,2.94369069785e-05,1.76153994712e-05,2.94369069785e-05,1.76153994712e-05,0.000469387396339,LV_frontal_L,8801.99468085,8415.5,4809.45058956,170
174,1.02237643345e-05,1.74032096391e-05,1.02237643345e-05,1.74032096391e-05,0.00050436154527,LV_temporal_L,8569.58510638,8292.0,5053.22856962,174
91,7.21973717329e-06,1.70790061611e-05,7.21973717329e-06,1.70790061611e-05,0.000531546015287,RedNc_R,8618.23404255,8848.0,5255.74946662,91
113,8.49241766405e-06,1.65837990864e-05,8.49241766405e-06,1.65837990864e-05,0.000447418616845,Pons_R,9011.54255319,8387.5,4937.9467224,113
162,5.70028914296e-06,1.6304131218e-05,-5.70028914296e-06,-1.6304131218e-05,0.000522294735226,LenticularFasc_L,8861.60638298,8707.5,5462.28229659,162
156,6.09326580554e-07,1.58216896495e-05,6.09326580554e-07,-1.58216896495e-05,0.000500148357498,UNC_L,8418.96808511,8272.5,4983.30725854,156
104,1.63908162405e-05,1.58196105034e-05,1.63908162405e-05,1.58196105034e-05,0.000543781593159,MCP_L,8202.03723404,7688.5,5000.45365428,104
143,2.09997670372e-05,1.51736342506e-05,2.09997670372e-05,1.51736342506e-05,0.000522145844138,Fx/ST_R,8855.40425532,8630.0,5260.78276843,143
35,8.11299717745e-06,1.48685691629e-05,-8.11299717745e-06,1.48685691629e-05,0.000444274543046,STG_R,9644.11170213,10328.0,5040.72711144,35
27,1.57322960109e-05,1.43973772982e-05,1.57322960109e-05,1.43973772982e-05,0.000488336311888,SPG_R,9236.75531915,9565.0,5300.88403343,27
135,3.3316567741e-05,1.4314324461e-05,-3.3316567741e-05,-1.4314324461e-05,0.000529965751274,RLIC_R,8540.32978723,7903.0,5313.89526436,135
109,3.54657281759e-05,1.40591403285e-05,-3.54657281759e-05,1.40591403285e-05,0.000517332285841,ICP_R,8579.92021277,8150.0,5078.56093906,109
134,2.18407351413e-05,1.39536157469e-05,-2.18407351413e-05,-1.39536157469e-05,0.000490946864443,RLIC_L,9412.36702128,10086.5,5215.49604629,134
133,5.28509170344e-05,1.35809005848e-05,5.28509170344e-05,1.35809005848e-05,0.000505921721009,PLIC_R,9441.68085106,9600.5,5524.88416787,133
158,3.15033227843e-05,1.34737535456e-05,3.15033227843e-05,1.34737535456e-05,0.000472622161653,AnsaLenticularis_L,9681.7393617,10145.0,5230.62734848,158
90,2.29888335955e-06,1.30519685885e-05,-2.29888335955e-06,1.30519685885e-05,0.000534181951536,RedNc_L,8544.72340426,8655.0,5051.23958644,90
164,9.06562697027e-06,1.25260524713e-05,-9.06562697027e-06,-1.25260524713e-05,0.000497785084912,OlfactoryRadiation_L,8805.42553191,9241.5,5151.14579898,164
188,2.54986867719e-05,1.24518609894e-05,-2.54986867719e-05,-1.24518609894e-05,0.000506820355759,PSIG_R,8847.79255319,9125.5,5221.38393395,188
62,7.06094956574e-05,1.21077128982e-05,-7.06094956574e-05,-1.21077128982e-05,0.000536871233543,subcallosal_ACC_L,8576.89893617,8605.0,5258.17772368,62
111,1.45259680546e-05,1.1086842381e-05,-1.45259680546e-05,1.1086842381e-05,0.000487047228288,ML_R,8808.43085106,8847.0,5363.61259455,111
71,2.13239749115e-05,1.08896210625e-05,2.13239749115e-05,1.08896210625e-05,0.000518794430553,Ins_R,9123.44680851,9251.0,5222.65868059,71
119,3.42909542883e-05,9.17205448219e-06,-3.42909542883e-05,9.17205448219e-06,0.000438261170663,SCR_R,9721.81382979,10269.5,5015.08627049,119
28,8.42705033208e-06,9.02578779423e-06,-8.42705033208e-06,-9.02578779423e-06,0.000433869988779,SMG_L,9441.37765957,9601.0,4802.55927682,28
11,1.55801229251e-05,8.56504388965e-06,-1.55801229251e-05,-8.56504388965e-06,0.000468764764029,IFG_opercularis_R,9527.37765957,9165.0,5225.40353434,11
14,2.66449327203e-05,8.24666888667e-06,-2.66449327203e-05,-8.24666888667e-06,0.000499519891785,IFG_triangularis_L,8527.02659574,8130.5,4953.87934966,14
149,6.02565347241e-06,8.09191323365e-06,6.02565347241e-06,8.09191323365e-06,0.000504460547219,PTR_R,8590.17553191,8157.0,5069.16269535,149
29,3.3611677535e-06,7.95618404756e-06,3.3611677535e-06,7.95618404756e-06,0.000442058085219,SMG_R,9945.5,10949.5,4908.17767511,29
68,6.68341235051e-05,7.90430520786e-06,-6.68341235051e-05,-7.90430520786e-06,0.000511242169281,PCC_L,9220.76595745,9394.5,5234.24983738,68
13,7.10600573367e-05,6.32547416352e-06,-7.10600573367e-05,6.32547416352e-06,0.000520741804463,IFG_orbitalis_R,8489.38297872,8681.5,5082.79946655,13
21,4.00932661846e-05,6.21448546412e-06,-4.00932661846e-05,-6.21448546412e-06,0.000510160813754,RG_R,8656.13297872,8246.5,5299.71925274,21
94,2.24611685932e-05,6.13940146286e-06,2.24611685932e-05,6.13940146286e-06,0.000568682329936,cerebellum_R,7982.03191489,7427.5,4928.10397909,94
64,5.65925470561e-05,6.09438856102e-06,-5.65925470561e-05,-6.09438856102e-06,0.000532384393135,subgenual_ACC_L,8990.87765957,9251.5,5231.14447334,64
85,4.3015004041e-05,5.94290680915e-06,-4.3015004041e-05,-5.94290680915e-06,0.000501141669229,Hypothalamus_R,8952.64361702,9281.5,5062.2651777,85
36,1.52612087941e-05,5.90537622632e-06,-1.52612087941e-05,5.90537622632e-06,0.000454619621809,STG_L_pole,9133.25,9625.5,5001.38577246,36
132,4.45948437052e-05,5.80920941148e-06,4.45948437052e-05,-5.80920941148e-06,0.000503344055833,PLIC_L,9128.4787234,9487.5,5172.49099159,132
185,2.52232281697e-05,5.77254623701e-06,-2.52232281697e-05,-5.77254623701e-06,0.000499568388635,PSMG_L,9007.67021277,9491.0,4999.73230962,185
53,3.39374366631e-05,4.88304867623e-06,-3.39374366631e-05,4.88304867623e-06,0.000525722247373,MOG_R,8564.31914894,8520.5,5289.82151031,53
88,1.63924642528e-05,4.3745747381e-06,1.63924642528e-05,4.3745747381e-06,0.000426718666695,NucAccumbens_L,9628.85106383,9391.5,4905.75899946,88
96,1.7708132819e-05,4.14050974082e-06,-1.7708132819e-05,4.14050974082e-06,0.000564741360424,CP_L,8401.67021277,7916.5,5119.14565343,96
57,1.24345622895e-05,4.08789045105e-06,-1.24345622895e-05,4.08789045105e-06,0.00056463551394,Cu_R,8341.65957447,8101.0,5189.56584203,57
92,5.77940964649e-05,4.04229115174e-06,-5.77940964649e-05,4.04229115174e-06,0.000504106156028,Snigra_L,8890.37234043,8340.0,5212.60822222,92
56,2.70004361466e-05,3.51054508982e-06,-2.70004361466e-05,-3.51054508982e-06,0.000462182709531,Cu_L,9519.5,10084.0,5217.35045102,56
155,3.56171539995e-05,3.4510835558e-06,-3.56171539995e-05,-3.4510835558e-06,0.000470402553838,SLF_R,8991.82446809,8802.0,5101.27651797,155
46,8.28275374946e-06,3.38109440121e-06,-8.28275374946e-06,3.38109440121e-06,0.000449834319332,ENT_L,9053.21808511,8627.5,4990.32895883,46
103,2.53330607997e-05,2.8641098841e-06,2.53330607997e-05,2.8641098841e-06,0.000536920951621,SCP_R,7966.5212766,6980.0,5251.30669803,103
69,2.8236939309e-05,2.80014489723e-06,-2.8236939309e-05,2.80014489723e-06,0.000465053600658,PCC_R,9074.40425532,8661.5,5202.48410453,69
131,4.66262165265e-05,2.71365645446e-06,-4.66262165265e-05,-2.71365645446e-06,0.000500435195138,ALIC_R,9084.56914894,9102.0,5373.55197224,131
81,2.03260151858e-05,2.65406663711e-06,2.03260151858e-05,2.65406663711e-06,0.000486051542224,GP_R,8826.80319149,8941.0,5124.17052017,81
45,5.22048348156e-06,2.30725296633e-06,-5.22048348156e-06,2.30725296633e-06,0.000452921024964,PHG_R,8774.67553191,8824.5,4791.0926047,45
26,1.24404702014e-05,2.07781964944e-06,-1.24404702014e-05,-2.07781964944e-06,0.000494433654096,SPG_L,9206.53191489,9660.5,5209.42314915,26
108,2.73787199632e-05,2.05547029052e-06,-2.73787199632e-05,-2.05547029052e-06,0.000456779091952,ICP_L,8962.7606383,8575.5,4963.06399455,108
123,6.46141803949e-06,2.00368749689e-06,6.46141803949e-06,2.00368749689e-06,0.000543006071819,GCC_R,8455.78191489,8738.0,5103.25427049,123
74,2.04130404175e-05,1.94585769457e-06,-2.04130404175e-05,1.94585769457e-06,0.000546434616854,Hippo_L,8716.73404255,8265.0,5437.33510618,74
175,1.82612779482e-05,1.86953291596e-06,-1.82612779482e-05,1.86953291596e-06,0.00048495034174,LV_frontal_R,8715.12765957,8971.0,4863.68846054,175
8,5.63345123737e-06,1.74162678573e-06,5.63345123737e-06,-1.74162678573e-06,0.000453364633847,MFG_DPFC_L,9564.65957447,9702.5,5175.2350621,8
75,3.329889062e-05,1.54550221216e-06,3.329889062e-05,1.54550221216e-06,0.000546986328825,Hippo_R,9114.92021277,9316.0,5308.11512897,75
80,1.87553695753e-05,1.48405884158e-06,1.87553695753e-05,1.48405884158e-06,0.000480503131738,GP_L,8778.42553191,8765.0,5005.89640407,80
41,8.41174474662e-06,1.34747865466e-06,8.41174474662e-06,-1.34747865466e-06,0.000433152765294,MTG_R_pole,9700.86702128,10062.0,5000.30260131,41
122,2.42552728031e-05,1.1343436641e-06,2.42552728031e-05,1.1343436641e-06,0.000504887852988,GCC_L,8685.7712766,8905.0,5187.87557941,122
124,2.39497622811e-05,8.52350421211e-07,-2.39497622811e-05,-8.52350421211e-07,0.000563402944477,BCC_L,8473.69148936,8339.5,5503.92016682,124
136,2.35239066749e-05,6.84725496535e-07,2.35239066749e-05,-6.84725496535e-07,0.000504582588123,EC_L,9001.59042553,9369.5,5122.87589789,136
70,1.46188149074e-05,6.29276948463e-07,1.46188149074e-05,6.29276948463e-07,0.00047172518531,Ins_L,8536.43085106,8015.5,4888.37578653,70
126,5.50299578491e-05,5.46560214097e-07,-5.50299578491e-05,-5.46560214097e-07,0.000472554054442,SCC_L,9040.07446809,9080.5,5031.72441517,126
178,3.40799666948e-05,3.91553792732e-07,-3.40799666948e-05,-3.91553792732e-07,0.000520082527564,LV_occipital_R,8598.79787234,8558.0,5066.52515753,178
95,3.02632645633e-05,3.91553792732e-07,-3.02632645633e-05,-3.91553792732e-07,0.000510998885921,cerebellum_L,9090.75531915,9472.0,5197.75525135,95
166,2.92496984452e-05,3.42988030292e-07,-2.92496984452e-05,-3.42988030292e-07,0.000457060592071,Mammillary_L,9337.71808511,9942.5,5163.66657319,166
152,1.81754816553e-06,5.6235822123e-09,1.81754816553e-06,5.6235822123e-09,0.000535118161193,SFO_L,8929.65957447,8790.5,5426.1359004,152
39,1.72357684998e-05,0.0,1.72357684998e-05,0.0,0.000489367516978,MTG_R,8903.44148936,8717.5,4928.99378858,39
23,1.15467119511e-05,0.0,-1.15467119511e-05,0.0,0.000449935921023,PoCG_R,9107.25,8918.5,5013.54481616,23
30,2.22738072659e-06,0.0,2.22738072659e-06,0.0,0.000452318957794,AG_L,9118.78723404,8822.5,5066.2799424,30
180,2.4568560299e-05,0.0,2.4568560299e-05,0.0,0.000523493293053,III_and_IV_ventricle,8861.19148936,8435.0,5052.42681793,180
16,7.91765678e-07,0.0,-7.91765678e-07,0.0,0.000510615181135,LFOG_L,8907.05319149,8677.5,5405.22430276,16
49,1.03958297601e-05,0.0,1.03958297601e-05,0.0,0.000527332246387,FuG_R,8909.92021277,9292.5,5430.45004884,49
17,1.64176418318e-05,0.0,1.64176418318e-05,0.0,0.000479362583873,LFOG_R,8909.82446809,8541.0,5102.09331633,17
4,1.75956377801e-06,0.0,1.75956377801e-06,0.0,0.000453051161187,SFG_pole_L,8723.32978723,8372.5,4804.83417893,4
106,2.08758539338e-05,0.0,-2.08758539338e-05,0.0,0.000428709885671,PCT_L,9115.88829787,9036.5,4847.67186864,106
59,8.46555389163e-06,0.0,8.46555389163e-06,0.0,0.00050762706837,LG_R,8762.10106383,8810.0,4995.44485117,59
76,1.01990751151e-05,0.0,1.01990751151e-05,0.0,0.00051637522096,Caud_L,8521.18085106,8013.5,5158.46828033,76
101,1.09629034233e-05,0.0,1.09629034233e-05,0.0,0.000450765127043,CST_R,9584.88829787,10071.5,5204.209479,101
98,8.60157438223e-06,0.0,-8.60157438223e-06,0.0,0.00046326060945,Midbrain_L,9426.05851064,9548.5,5027.62030462,98
93,2.96869240055e-05,0.0,-2.96869240055e-05,0.0,0.000546611115502,Snigra_R,8102.30851064,8360.5,4777.13128336,93
116,9.13141973241e-07,0.0,9.13141973241e-07,0.0,0.000495453326143,ACR_L,9282.39361702,9396.0,5077.4503124,116
118,1.72848693947e-05,0.0,1.72848693947e-05,0.0,0.000475622041028,SCR_L,9676.11170213,9633.0,5259.70939081,118
120,2.76895646567e-05,0.0,-2.76895646567e-05,0.0,0.000550819110344,PCR_L,8258.57978723,8277.5,5203.85925622,120
86,3.35295614781e-05,0.0,-3.35295614781e-05,0.0,0.000490130242217,Mynert_L,9125.20212766,9515.0,5204.15870545,86
127,4.32924565961e-05,0.0,-4.32924565961e-05,0.0,0.000466824798862,SCC_R,9563.25,10325.5,5179.61382938,127
129,9.09895413523e-06,0.0,-9.09895413523e-06,0.0,0.000485905476965,TAP_R,9007.71808511,9235.0,4933.81479336,129
77,5.88391423412e-05,0.0,-5.88391423412e-05,0.0,0.000564509107262,Caud_R,8134.81914894,7162.5,5160.68182029,77
139,3.73753516647e-05,0.0,3.73753516647e-05,0.0,0.000511427858168,CGC_R,8530.52659574,8438.5,5099.21281413,139
60,2.46955370426e-07,0.0,-2.46955370426e-07,0.0,0.000473868734364,rostral_ACC_L,9338.03191489,9481.0,5064.9060659,60
73,1.73750873586e-05,0.0,1.73750873586e-05,0.0,0.000506825702533,Amyg_R,9080.74468085,8980.0,4785.59556296,73
141,5.19849212663e-05,0.0,-5.19849212663e-05,0.0,0.000485019704384,CGH_R,8965.88829787,9240.5,5147.48785592,141
144,7.23034767686e-05,0.0,-7.23034767686e-05,0.0,0.000544432202942,Fx_L,9021.70744681,9503.0,5481.15617021,144
105,6.22674202987e-06,0.0,6.22674202987e-06,0.0,0.000520059629472,MCP_R,8690.54255319,8580.5,5439.42865363,105
65,3.38544433678e-05,0.0,-3.38544433678e-05,0.0,0.000475980980459,subgenual_ACC_R,9279.29255319,9958.0,5091.23729418,65
151,2.0036167078e-05,0.0,-2.0036167078e-05,0.0,0.000506838411071,SS_R,8682.13829787,8566.0,5065.07552316,151
153,2.15694531437e-05,0.0,2.15694531437e-05,0.0,0.00056909919529,SFO_R,8622.64893617,8340.0,5369.41174164,153
154,1.94607676647e-05,0.0,-1.94607676647e-05,0.0,0.000497008670618,SLF_L,9102.29787234,9099.0,4986.33425096,154
157,2.59557578502e-05,0.0,-2.59557578502e-05,0.0,0.000448752763582,UNC_R,9026.0212766,9080.5,4909.71939545,157
61,1.23415881883e-05,0.0,-1.23415881883e-05,0.0,0.000516464894143,rostral_ACC_R,9306.27659574,9101.5,5513.58269708,61
66,2.62502717701e-05,0.0,-2.62502717701e-05,0.0,0.000514610549944,dorsal_ACC_L,8659.35638298,8977.5,5176.76454197,66
