.030271365154815,NaN,.09940650953428701,NaN,NaN,.055625512519548774,.06294070905653512,NaN,NaN,NaN,NaN,NaN,NaN,NaN,NaN,NaN,NaN,.11513634936385125,NaN,NaN,NaN,NaN,NaN,.1010663559647632,NaN,-.0013220605348436255,NaN,.07812297676372981,NaN,NaN,NaN,NaN,NaN,NaN,.06606135703502705,NaN,NaN,NaN,NaN,NaN,NaN,NaN,NaN,NaN,-.197737992937337,NaN,NaN,NaN,NaN,.004721688368292052,.02552144062453165,NaN,NaN,NaN,NaN,NaN,NaN,.06160708435729424,NaN,NaN,NaN,NaN,NaN,.04323253739799806,NaN,NaN,NaN,NaN,NaN,.12042769167169577,-.02111806490655893,NaN,.016373901594228784,.0955662501086795,NaN,.09262814688621694,NaN,NaN,NaN,NaN,-.002728513604603043,NaN,.0881434660907431,NaN,-.05649322684064922,NaN,NaN,NaN,NaN,-.07634987981473564,.03802424127247515,NaN,NaN,NaN,NaN,NaN,NaN,NaN,NaN,NaN
.14114400899666482,NaN,-.024534623874702545,NaN,NaN,NaN,NaN,NaN,NaN,NaN,NaN,NaN,NaN,NaN,NaN,NaN,NaN,NaN,NaN,NaN,NaN,NaN,NaN,NaN,-.023831897207126907,NaN,NaN,NaN,NaN,-.03317929247157631,NaN,.259902696262632,NaN,NaN,NaN,.42839166473140866,-.01763472676803329,NaN,NaN,NaN,NaN,NaN,NaN,.08554254939767157,NaN,NaN,-.036378791185131494,NaN,NaN,NaN,NaN,-.032534629119622134,NaN,-.001967919244222104,-.00010987302761345559,NaN,NaN,NaN,NaN,NaN,NaN,NaN,NaN,NaN,NaN,NaN,NaN,NaN,NaN,NaN,NaN,NaN,NaN,NaN,.20598444223233206,NaN,NaN,NaN,.019821466870175622,NaN,NaN,NaN,.06055058133712611,NaN,NaN,NaN,NaN,NaN,NaN,NaN,NaN,NaN,.516590047757606,.303587393591643,NaN,NaN,NaN,NaN,NaN,NaN
.03784058121105988,NaN,NaN,NaN,NaN,NaN,NaN,NaN,-.004801216139790765,-.006309778429596828,NaN,.034410939916136446,NaN,NaN,NaN,NaN,NaN,NaN,NaN,NaN,.03283058347081069,.030833078417974176,NaN,.01141109622814037,NaN,NaN,.06094294068330157,.03608972768209068,.04204041130637079,NaN,.050855692471778735,-.06296302581389596,NaN,NaN,NaN,NaN,NaN,-.04918874137383142,NaN,NaN,NaN,.032712129602654516,.03287855953195333,NaN,-.12824153098533525,NaN,NaN,.0029617798556472457,NaN,NaN,NaN,NaN,NaN,NaN,NaN,NaN,NaN,NaN,NaN,NaN,NaN,NaN,.05805489793640208,NaN,NaN,NaN,NaN,NaN,NaN,NaN,NaN,NaN,NaN,NaN,NaN,.024088513233504062,NaN,NaN,NaN,NaN,-.0035652011815835005,NaN,NaN,NaN,NaN,NaN,NaN,NaN,.03611599241459993,NaN,NaN,.015597317013376131,NaN,NaN,-.023338690038181346,NaN,-.008516574432317516,NaN,.006038642306151886,NaN
NaN,.17204661256757586,NaN,.2081953091625897,NaN,NaN,NaN,NaN,NaN,.3383841632485701,NaN,.2515580496544108,NaN,.2635256562529757,NaN,.20353875265799745,NaN,.1576486490519596,NaN,NaN,NaN,.33079376686661216,NaN,.08342896974116559,NaN,.23608474456098927,NaN,NaN,NaN,NaN,NaN,NaN,NaN,NaN,NaN,NaN,NaN,NaN,NaN,NaN,NaN,NaN,NaN,NaN,.011434003386603473,NaN,NaN,NaN,NaN,NaN,NaN,.2082900916757196,.37727114763564057,NaN,NaN,NaN,NaN,.42698874138245163,NaN,NaN,NaN,NaN,NaN,NaN,NaN,.24303609594308576,NaN,NaN,.27312165293201657,NaN,NaN,NaN,NaN,NaN,NaN,.21693453504400206,NaN,.16823011654066872,NaN,NaN,NaN,NaN,NaN,NaN,.18545322300548653,NaN,NaN,NaN,NaN,NaN,.1585013098963374,.19705003786548178,NaN,.21159310782283805,NaN,NaN,.06574664115278656,NaN,NaN,.17490128694408316
NaN,NaN,NaN,.05754599430407885,NaN,NaN,NaN,NaN,NaN,NaN,NaN,NaN,NaN,NaN,NaN,NaN,NaN,NaN,NaN,NaN,NaN,NaN,NaN,NaN,NaN,.16338862388580208,NaN,.06331682351871787,NaN,.05857699576325904,NaN,NaN,NaN,NaN,NaN,.2276986282711167,-.008998553895792247,NaN,NaN,NaN,.08477754063405837,NaN,NaN,.1567814604962293,NaN,NaN,.030058268749678898,NaN,NaN,NaN,NaN,NaN,NaN,NaN,NaN,NaN,NaN,NaN,NaN,.04079241680228864,NaN,NaN,NaN,NaN,NaN,NaN,NaN,NaN,.07278734412537112,.07043995118061136,NaN,NaN,.017844505598594324,NaN,NaN,NaN,.11369246345443035,.021925329548886926,NaN,NaN,NaN,NaN,NaN,.027840285667704676,NaN,NaN,NaN,NaN,NaN,.18555790455126,NaN,NaN,NaN,NaN,NaN,NaN,NaN,NaN,.0813400156857474,.13930356958324314
.04655829685707293,NaN,NaN,NaN,.002264730961960618,NaN,NaN,NaN,.07483985914082357,.09893370883949106,NaN,.05116045254200978,NaN,NaN,.06923067038950687,NaN,-.015726713938959348,NaN,.06600060557784837,NaN,NaN,NaN,.06613257094218357,NaN,.03342041315978039,NaN,.04884105787544224,.04603815748183283,.04899038001730375,NaN,NaN,NaN,.027905898605881645,.027474390171586878,NaN,NaN,NaN,NaN,.04810413050044802,NaN,NaN,NaN,NaN,NaN,NaN,NaN,NaN,NaN,NaN,NaN,.09560714532228246,NaN,NaN,NaN,.02832564942047516,NaN,NaN,NaN,NaN,.05256156697927188,NaN,.049048750840371934,.04074045240953493,NaN,NaN,.04819887189648518,NaN,NaN,NaN,NaN,NaN,.06279656591764897,NaN,NaN,NaN,NaN,NaN,NaN,.03679846645764212,NaN,NaN,NaN,NaN,NaN,NaN,NaN,.04308928247952366,NaN,NaN,NaN,NaN,NaN,.1293403523726808,NaN,NaN,NaN,NaN,NaN,.038970696346797284,NaN
NaN,NaN,NaN,.06045232324682086,NaN,NaN,.026973086556390465,NaN,NaN,NaN,.027534094666898663,NaN,NaN,NaN,NaN,NaN,NaN,NaN,NaN,-.061044371270417036,NaN,NaN,.06559875011587347,NaN,.0014499902382969162,NaN,NaN,NaN,NaN,NaN,.11129365078098162,NaN,NaN,.06512945537509705,.03841346769072727,NaN,NaN,NaN,NaN,NaN,NaN,NaN,NaN,NaN,NaN,NaN,NaN,.002710526002515154,NaN,NaN,NaN,NaN,NaN,NaN,NaN,NaN,NaN,NaN,NaN,.06414814847933312,NaN,NaN,NaN,NaN,.017247646985421843,.044290870834536464,.021614783178193982,NaN,NaN,NaN,.09799827223892886,NaN,NaN,NaN,NaN,NaN,NaN,NaN,NaN,NaN,NaN,.07591933432907295,NaN,.08344606567600034,NaN,NaN,.08099074179881652,NaN,NaN,.014152476912067238,NaN,NaN,NaN,NaN,NaN,NaN,NaN,.02699647229559672,NaN,NaN
NaN,NaN,NaN,NaN,-.0021627454759542337,NaN,NaN,NaN,.02191631808035057,NaN,NaN,NaN,NaN,NaN,NaN,NaN,NaN,.08988215939553582,NaN,NaN,NaN,NaN,NaN,NaN,NaN,NaN,NaN,NaN,NaN,NaN,NaN,NaN,NaN,NaN,.024553437357192676,NaN,NaN,NaN,NaN,NaN,NaN,NaN,NaN,NaN,-.12871672988603985,NaN,NaN,NaN,NaN,-.0017410716979955906,NaN,NaN,NaN,NaN,.008063076970663616,NaN,NaN,NaN,NaN,NaN,-.1725628646987504,NaN,NaN,NaN,NaN,NaN,NaN,-.24150556068917706,NaN,NaN,NaN,NaN,NaN,NaN,NaN,NaN,NaN,NaN,.08055048520022394,.10128765944812958,NaN,.05678742096055659,NaN,NaN,-.21192401917097947,NaN,NaN,NaN,NaN,NaN,-.18656032720790086,NaN,-.25565972544886983,NaN,-.2352304864911974,.056072003280453836,NaN,-.03434441259734957,NaN,-.1115348525611036
NaN,NaN,NaN,NaN,NaN,NaN,NaN,NaN,NaN,NaN,NaN,NaN,NaN,NaN,NaN,NaN,NaN,NaN,NaN,NaN,NaN,NaN,NaN,NaN,NaN,NaN,NaN,NaN,-.184205989364324,NaN,-.3473527296749582,NaN,NaN,NaN,NaN,NaN,NaN,NaN,-.1625618868674503,NaN,NaN,NaN,NaN,NaN,NaN,NaN,NaN,-.06283065485894947,NaN,-.045025323123816005,NaN,-.2680118971285589,NaN,NaN,NaN,-.13313856510202396,-.26484296402807883,NaN,-.38116707495844204,NaN,NaN,NaN,NaN,NaN,NaN,NaN,NaN,NaN,NaN,NaN,NaN,NaN,NaN,NaN,NaN,NaN,NaN,NaN,NaN,NaN,NaN,-.3602320570407704,NaN,NaN,NaN,NaN,-.2606803479639326,NaN,-.16488474017779006,NaN,NaN,NaN,NaN,NaN,NaN,NaN,NaN,NaN,-.19070977520642762,NaN
NaN,NaN,NaN,NaN,NaN,NaN,NaN,NaN,NaN,NaN,NaN,NaN,NaN,.5453301408233777,NaN,NaN,NaN,NaN,NaN,.298256230328335,NaN,NaN,NaN,NaN,NaN,NaN,NaN,NaN,NaN,NaN,NaN,NaN,NaN,.24047007145426216,NaN,NaN,NaN,NaN,NaN,NaN,NaN,NaN,NaN,.20274285524995855,NaN,.25615101038995114,NaN,.024994762926134523,.41650465092244954,NaN,NaN,NaN,.34519915506126503,NaN,NaN,NaN,NaN,.7027273105407406,.28164982718438014,NaN,NaN,NaN,NaN,.2777617896026968,NaN,NaN,NaN,NaN,.2402511640660634,NaN,.4789463923759234,NaN,.08543535636874344,.5427605930212502,NaN,NaN,NaN,NaN,NaN,NaN,NaN,NaN,NaN,NaN,.6380911439864505,NaN,NaN,NaN,NaN,NaN,NaN,NaN,NaN,NaN,NaN,NaN,NaN,NaN,NaN,NaN
NaN,NaN,NaN,NaN,NaN,NaN,NaN,NaN,NaN,NaN,NaN,NaN,NaN,NaN,NaN,NaN,.06174616998339398,NaN,NaN,-.08576961341377766,NaN,NaN,NaN,NaN,NaN,.0581571410933071,NaN,NaN,-.003987704053561461,NaN,NaN,NaN,NaN,NaN,NaN,NaN,NaN,NaN,NaN,NaN,NaN,NaN,-.0023488991685603443,NaN,NaN,NaN,NaN,-.012641556212626403,-.020607180927857873,NaN,NaN,NaN,NaN,NaN,NaN,NaN,NaN,NaN,NaN,NaN,NaN,NaN,.023390223448066464,NaN,NaN,NaN,NaN,NaN,NaN,NaN,NaN,NaN,NaN,NaN,NaN,.015218672358547467,NaN,NaN,NaN,NaN,NaN,NaN,NaN,.07047876021721843,NaN,NaN,NaN,NaN,NaN,.05783886579243642,NaN,-.001127987896907016,NaN,NaN,NaN,NaN,NaN,NaN,NaN,.0161373189649994
NaN,NaN,NaN,NaN,NaN,.06150475006383129,NaN,NaN,.1360976246216733,.23475938149726885,NaN,.12648754825026853,NaN,NaN,NaN,NaN,NaN,NaN,.07547808540940623,NaN,NaN,.22285873180603769,NaN,NaN,NaN,NaN,NaN,NaN,NaN,NaN,NaN,NaN,NaN,NaN,NaN,.20567199940774689,NaN,NaN,NaN,NaN,NaN,NaN,NaN,NaN,.06180442470038135,NaN,NaN,NaN,NaN,.007529999791105304,.09097859360938655,.04902297494285552,NaN,NaN,NaN,NaN,NaN,NaN,NaN,NaN,NaN,NaN,NaN,.15603371927174992,.08238948431654836,NaN,NaN,NaN,.12286109698980917,NaN,NaN,.12254263669952846,NaN,NaN,NaN,NaN,NaN,.06319307567243973,NaN,.12056262514109478,NaN,NaN,NaN,NaN,NaN,NaN,NaN,NaN,NaN,NaN,NaN,NaN,NaN,NaN,NaN,NaN,.039469515709960885,NaN,NaN,NaN
NaN,NaN,NaN,.04381338142975194,.0011594393154496319,NaN,.015591980777461874,NaN,NaN,.15068181964179334,NaN,NaN,NaN,NaN,.04785093035114484,NaN,NaN,NaN,NaN,NaN,NaN,.1010211639412078,.058712446209537264,NaN,NaN,NaN,NaN,NaN,NaN,NaN,.07041998352202426,.21700281253347947,NaN,NaN,NaN,.16308456324187068,NaN,NaN,NaN,.019916734469449922,-.007262726953247645,NaN,NaN,NaN,NaN,NaN,NaN,NaN,.013090208640861545,NaN,NaN,NaN,.10689091058826808,.0011761221644535182,NaN,NaN,NaN,NaN,.06465853305587752,NaN,.007777291565398846,.013759899795696523,.08076620132333931,NaN,NaN,NaN,NaN,NaN,NaN,NaN,NaN,NaN,NaN,.006896152016140013,.0025152620030390216,NaN,.07505424550316625,NaN,NaN,NaN,-.002410055413945403,NaN,NaN,NaN,.16988324124949566,.21322965290845447,NaN,-3394117959278683e-20,NaN,NaN,-.04377562951469287,NaN,NaN,NaN,NaN,NaN,NaN,NaN,NaN,NaN
NaN,NaN,NaN,NaN,NaN,NaN,NaN,NaN,NaN,NaN,-.11260555888974398,NaN,-.0834072399015605,NaN,NaN,NaN,NaN,-.1574072200921837,NaN,NaN,NaN,NaN,NaN,NaN,NaN,NaN,NaN,NaN,-.15176383107349484,NaN,NaN,NaN,-.024694828430851964,NaN,NaN,NaN,-.027305399971231954,NaN,NaN,-.4147465600856481,NaN,NaN,NaN,NaN,-.3698725694149198,-.10581349375732223,NaN,NaN,NaN,NaN,NaN,NaN,NaN,NaN,NaN,NaN,NaN,-.30723211499598113,-.2134115570485278,NaN,NaN,NaN,NaN,NaN,NaN,NaN,NaN,NaN,NaN,NaN,NaN,NaN,NaN,NaN,NaN,NaN,NaN,NaN,NaN,NaN,NaN,NaN,NaN,NaN,-.24208918469658883,-.3329950205237633,NaN,-.00075842008112794,NaN,NaN,-.36818971551111696,NaN,NaN,NaN,NaN,NaN,-.034084872454639634,NaN,NaN,NaN
.12372205826532562,NaN,NaN,.05069203575809761,NaN,NaN,NaN,NaN,NaN,.20832484075193505,NaN,NaN,NaN,NaN,NaN,NaN,NaN,NaN,NaN,NaN,NaN,.09574243153314918,NaN,NaN,NaN,NaN,NaN,.04987787426550965,NaN,NaN,NaN,.17773736935762635,NaN,NaN,NaN,NaN,-.0011235625441917262,NaN,NaN,.20368326931588634,NaN,NaN,NaN,.06965907371962557,NaN,NaN,.05459682052365941,NaN,NaN,NaN,NaN,NaN,.10465150017636636,NaN,NaN,NaN,NaN,NaN,NaN,NaN,NaN,NaN,NaN,NaN,NaN,NaN,.07551860205415968,NaN,.08279180074405157,NaN,NaN,NaN,NaN,NaN,NaN,NaN,.047517635713847164,NaN,NaN,.08265747349042873,NaN,.118333535520745,.1829724059548775,NaN,NaN,NaN,NaN,NaN,.054504426530845265,.11951327115414447,NaN,NaN,NaN,NaN,NaN,NaN,-.0035066551678887255,.2007046633319814,.026698229411409993,NaN
NaN,NaN,NaN,NaN,NaN,NaN,NaN,NaN,NaN,NaN,NaN,NaN,NaN,NaN,-.10334577741343579,NaN,NaN,-.1256711905840181,NaN,NaN,NaN,NaN,NaN,NaN,NaN,NaN,NaN,NaN,NaN,NaN,NaN,NaN,NaN,NaN,NaN,NaN,NaN,NaN,NaN,NaN,NaN,-.11800245612182625,NaN,NaN,-.24671021054445239,NaN,NaN,NaN,NaN,-.012623199686808324,NaN,NaN,NaN,NaN,NaN,NaN,NaN,NaN,NaN,NaN,-.18933193260783931,NaN,NaN,NaN,NaN,NaN,NaN,NaN,NaN,-.10397761828959193,NaN,NaN,-.022520113314714495,NaN,-.19526082043221868,NaN,NaN,NaN,NaN,-.12205179263341998,NaN,NaN,NaN,NaN,NaN,NaN,NaN,NaN,NaN,NaN,NaN,NaN,NaN,-.08922326555096222,NaN,NaN,NaN,NaN,NaN,NaN
NaN,NaN,.05469146807320553,NaN,NaN,NaN,NaN,NaN,NaN,NaN,NaN,NaN,-.009419427305819659,NaN,NaN,NaN,NaN,NaN,NaN,NaN,NaN,NaN,NaN,NaN,NaN,.046487128169670607,NaN,.10585014231793202,NaN,NaN,NaN,NaN,.04445950682401521,NaN,NaN,NaN,NaN,NaN,NaN,NaN,NaN,NaN,NaN,NaN,NaN,.11984539789305886,.027422532859696917,.005270113076616686,.33869503636067205,NaN,.15164762604914656,NaN,NaN,NaN,NaN,NaN,NaN,NaN,NaN,NaN,NaN,NaN,NaN,NaN,NaN,NaN,NaN,NaN,NaN,.04593776489470827,NaN,.19167497333619488,NaN,NaN,.36677568564019986,.07346373841256565,NaN,NaN,NaN,NaN,NaN,NaN,NaN,NaN,NaN,NaN,NaN,.0013062917128685654,.09725222628508588,NaN,NaN,NaN,NaN,NaN,NaN,.1334823023621188,NaN,NaN,NaN,NaN
NaN,-.013440723686102943,NaN,NaN,NaN,NaN,-.08462594908842748,NaN,NaN,NaN,NaN,NaN,NaN,NaN,NaN,NaN,NaN,NaN,-.022432229344039864,NaN,NaN,-.16602954446040424,-.06103616451982939,NaN,NaN,-.17972623439761418,NaN,-.06354268032784516,NaN,NaN,NaN,NaN,NaN,NaN,NaN,NaN,NaN,NaN,.0013908903437639484,NaN,NaN,NaN,NaN,NaN,-.2748561015094073,-.005291505873648408,NaN,NaN,NaN,NaN,NaN,-.038299459193019275,-.06780982364296036,-.0018575706390000506,-.016204281922025613,NaN,NaN,NaN,NaN,NaN,NaN,NaN,NaN,NaN,NaN,NaN,NaN,-.22654714400726725,NaN,NaN,NaN,NaN,NaN,NaN,NaN,NaN,NaN,NaN,NaN,NaN,NaN,.001047168222180647,-.16914466222949381,NaN,NaN,NaN,NaN,NaN,NaN,NaN,NaN,-.15713238486397466,NaN,NaN,NaN,NaN,NaN,NaN,NaN,NaN
NaN,-.00152616378194615,NaN,NaN,NaN,NaN,NaN,NaN,NaN,NaN,NaN,NaN,NaN,.06944184693910163,NaN,-.042009206639626026,NaN,NaN,-.039771087267348654,NaN,NaN,NaN,NaN,NaN,.0017621053742085922,NaN,.07109470260093217,NaN,NaN,NaN,NaN,NaN,.031980158797918795,NaN,.06460123654184752,NaN,NaN,.019214763018693883,.03928474755374028,-.10077796603307221,.04661874750209763,NaN,-.03613911119969171,NaN,NaN,-.017587829704150657,NaN,NaN,NaN,NaN,NaN,NaN,NaN,-40907699180403884e-22,NaN,.024898770490121576,NaN,NaN,NaN,.020841547171411345,.08474290650456726,-.006124030077550512,NaN,NaN,NaN,NaN,NaN,NaN,NaN,NaN,-.013963323126950339,-.04406518597838565,NaN,NaN,NaN,NaN,NaN,-.031814194779026576,NaN,NaN,NaN,NaN,NaN,-.002918279936293518,NaN,NaN,NaN,NaN,NaN,NaN,NaN,-.016493236971329227,NaN,NaN,NaN,NaN,NaN,NaN,NaN,NaN
NaN,NaN,NaN,NaN,NaN,NaN,NaN,NaN,NaN,NaN,NaN,NaN,NaN,NaN,-.034734344089767444,NaN,NaN,NaN,NaN,.04054754903241022,NaN,NaN,NaN,NaN,-.06100524518445869,NaN,NaN,-.04683164729169719,NaN,-.05625358571085241,NaN,NaN,NaN,NaN,-.026219086329924254,NaN,NaN,NaN,NaN,.06682584779225888,NaN,NaN,NaN,NaN,NaN,NaN,-.030319430088613562,NaN,NaN,NaN,NaN,NaN,NaN,NaN,NaN,NaN,NaN,NaN,NaN,-.006744286531402075,NaN,NaN,-.06055697812302096,NaN,NaN,-.08588931063826998,NaN,-.04867939811226395,-.02268528471475221,NaN,NaN,NaN,NaN,NaN,NaN,NaN,-.09776178206253514,-.031317601994474024,NaN,-.07165496424497374,NaN,-.014364981238450841,.08611337458670676,NaN,NaN,NaN,NaN,NaN,NaN,NaN,NaN,NaN,NaN,.13230726679973412,NaN,-.06909323450350352,-.053378772370541554,NaN,NaN,NaN
NaN,NaN,NaN,NaN,NaN,-.04865769846496507,NaN,.08578810695795919,NaN,NaN,NaN,NaN,NaN,-.03564395892120809,NaN,NaN,NaN,-.03558113739261828,NaN,NaN,NaN,NaN,.015378177676435104,-.04609718287679382,NaN,NaN,NaN,NaN,NaN,-.02779529877664752,NaN,.021720931692141652,NaN,NaN,NaN,NaN,NaN,.046264871340305935,NaN,NaN,NaN,NaN,NaN,NaN,NaN,NaN,NaN,NaN,NaN,NaN,NaN,NaN,NaN,.001482729925952875,NaN,.021953785040281157,-.008807485664858632,NaN,-.013219897607242822,NaN,NaN,NaN,NaN,NaN,.023156235363597285,NaN,-.005601569832784478,NaN,NaN,NaN,NaN,NaN,NaN,NaN,.017556901004031567,NaN,NaN,NaN,NaN,-.009742601399922958,-.0032772459197628373,NaN,-.0305603763483302,.08462809323022805,NaN,NaN,NaN,NaN,NaN,NaN,NaN,NaN,NaN,.11029000409712673,NaN,NaN,NaN,NaN,NaN,NaN
-.07886366534494603,NaN,NaN,-.09732044297089183,-.005363981540645698,NaN,-.08220197334504052,NaN,NaN,NaN,NaN,-.05186006871014236,NaN,NaN,-.0989138589113498,NaN,NaN,NaN,NaN,NaN,NaN,NaN,-.084547143318314,-.14246794743147317,NaN,NaN,-.038785295233411635,-.09194645799661989,NaN,NaN,NaN,NaN,-.09294624180634749,-.04859098965700385,-.05894862873353269,NaN,NaN,NaN,NaN,NaN,-.23082850104343297,NaN,NaN,NaN,NaN,NaN,NaN,-.02286037918234026,NaN,-.015473958369019393,-.0016579229214492563,NaN,NaN,NaN,NaN,NaN,NaN,NaN,NaN,NaN,.02064166921858571,-.05514659442534224,NaN,-.07163409121310994,NaN,NaN,-.004043726211203361,-.07626060488204654,NaN,NaN,-.191825916714858,NaN,-.013356241740089283,NaN,NaN,NaN,NaN,NaN,NaN,NaN,NaN,NaN,NaN,NaN,NaN,-.059611852060738386,NaN,NaN,-.02840237776901334,NaN,.10510277483648237,NaN,NaN,NaN,NaN,NaN,NaN,NaN,-.06149515581674382,NaN
NaN,.09608387458259518,NaN,NaN,NaN,NaN,NaN,NaN,NaN,NaN,.08216869232983416,NaN,.03836468629141834,NaN,.08524227195841726,.10616265104297963,NaN,NaN,NaN,NaN,-.012846927817000744,NaN,NaN,NaN,-.012073466064463592,NaN,.1461118974082086,NaN,NaN,NaN,NaN,NaN,NaN,NaN,NaN,NaN,-.0060685265135378055,NaN,NaN,NaN,NaN,NaN,.02812903543647454,NaN,NaN,NaN,NaN,NaN,NaN,.00727399785186421,NaN,NaN,.058459641758345185,NaN,NaN,.11766071931770616,.06530477210366223,NaN,NaN,NaN,NaN,NaN,NaN,NaN,NaN,NaN,.14035713291356888,NaN,NaN,NaN,NaN,NaN,NaN,.18814068333819384,.11289877069930768,NaN,NaN,NaN,NaN,.11763759404374204,NaN,NaN,-.01864535734186458,NaN,NaN,NaN,NaN,-.0049164259970790195,NaN,NaN,NaN,NaN,NaN,-.03496929579595263,NaN,NaN,NaN,NaN,NaN,NaN
NaN,NaN,NaN,NaN,-.0028553195288613183,NaN,-.11815115388347361,NaN,NaN,-.38739701043263086,NaN,NaN,NaN,NaN,NaN,NaN,NaN,NaN,NaN,NaN,-.07797296940516596,NaN,NaN,NaN,-.045412383789579694,NaN,NaN,-.18739505163742198,NaN,NaN,NaN,-.3289192720315647,NaN,-.1365851939953839,-.10264274007572047,NaN,NaN,NaN,NaN,NaN,NaN,NaN,-.08020488269075728,NaN,NaN,NaN,NaN,NaN,NaN,NaN,NaN,NaN,-.12560064705729798,NaN,NaN,NaN,NaN,NaN,NaN,NaN,-.3164425753494954,NaN,NaN,NaN,NaN,NaN,NaN,NaN,NaN,-.21339457074411844,NaN,-.15014467668817413,NaN,NaN,NaN,NaN,NaN,NaN,-.22152402509258315,NaN,NaN,NaN,NaN,NaN,NaN,NaN,-.21653412875089703,NaN,NaN,NaN,NaN,NaN,-.2719168177068517,NaN,-.11683131670337003,NaN,NaN,NaN,NaN,-.21111115767922775
NaN,NaN,NaN,NaN,NaN,.24814805577316065,NaN,NaN,.4932241804176543,NaN,NaN,NaN,NaN,NaN,NaN,.2459019509204325,NaN,NaN,NaN,NaN,NaN,NaN,NaN,NaN,NaN,NaN,NaN,NaN,NaN,NaN,.3716512238251068,.7986725379056214,.24083771314914898,NaN,NaN,NaN,NaN,NaN,NaN,NaN,NaN,.32707427042117976,.17395659544808173,NaN,NaN,NaN,NaN,NaN,NaN,NaN,NaN,NaN,NaN,NaN,NaN,NaN,.13220114943207975,NaN,.3598846462680048,.22924120402120562,.5399272532249945,.1891630591864743,NaN,NaN,NaN,NaN,NaN,NaN,NaN,NaN,NaN,NaN,NaN,NaN,NaN,NaN,NaN,.19557755051095665,NaN,NaN,NaN,.4300311196209041,.5537203495382969,NaN,NaN,.5516457443506044,NaN,.00022792769810632346,.19990006902811946,NaN,NaN,.8698689587504086,NaN,NaN,.6673828391329261,.14619560918396715,NaN,NaN,NaN,.8279038612463565
NaN,.07802165538493934,NaN,NaN,-.005790252566606121,NaN,NaN,-.8128530266204196,NaN,NaN,-.016693672611691673,-.00568239337536604,-.029958880140621272,NaN,NaN,NaN,.06533939654253618,NaN,NaN,NaN,-.15951853867272806,NaN,NaN,NaN,NaN,NaN,NaN,NaN,NaN,NaN,NaN,NaN,NaN,.002955509988074161,-.08545806641500105,-.8361394559908292,NaN,-.8898430530533774,.17567633504694913,NaN,NaN,NaN,NaN,NaN,NaN,NaN,NaN,NaN,NaN,NaN,-.24233876302987864,.10194272109537351,-.10794438145212001,NaN,.015664000244791445,NaN,-.1609784447936786,NaN,NaN,NaN,-.06314773501527678,NaN,NaN,.12403069530610211,-.1083287764299215,-.13547352054687387,NaN,-.9508769564869386,NaN,NaN,NaN,NaN,.018015045298552287,NaN,NaN,NaN,.06420077946849326,NaN,NaN,NaN,NaN,NaN,NaN,NaN,NaN,-.6600120246039458,NaN,-.010714417042638017,-.05295804594681636,-.80884672091258,NaN,NaN,-.7127856362995987,NaN,-.5575505302219097,-.007467469622536946,NaN,NaN,NaN,NaN
NaN,.09478217971806253,NaN,.05994147937797171,.009168486412642497,.06454257851842558,.10286123669614863,NaN,NaN,NaN,.11186533694237588,NaN,NaN,NaN,NaN,NaN,-.08400901097856768,-.022352791369787423,NaN,NaN,NaN,NaN,NaN,NaN,NaN,NaN,NaN,NaN,NaN,.005521103599275009,NaN,NaN,NaN,.08767948975412664,NaN,NaN,NaN,.5800831520728238,.06434191575092911,.45323460702196416,.6306518444912376,-.017223019073619082,NaN,.00687006716839564,NaN,.028842632563091553,NaN,NaN,.37871522433635163,NaN,NaN,NaN,NaN,NaN,NaN,NaN,NaN,.5931668141658183,NaN,NaN,NaN,NaN,NaN,NaN,NaN,NaN,NaN,.5285415172317438,NaN,.001221758124791875,NaN,NaN,NaN,NaN,NaN,NaN,NaN,NaN,NaN,NaN,NaN,NaN,NaN,NaN,NaN,NaN,NaN,NaN,NaN,NaN,NaN,NaN,NaN,NaN,NaN,NaN,.05400886699589035,.44213026556445556,NaN,NaN
NaN,NaN,NaN,NaN,NaN,NaN,NaN,-.07099836662979277,NaN,NaN,.09352075458370132,NaN,NaN,NaN,NaN,.08221937665899913,.07642473027509329,NaN,NaN,NaN,.09495060432956814,NaN,NaN,.18254190904494064,NaN,NaN,NaN,NaN,.00595570888395453,NaN,NaN,NaN,NaN,NaN,NaN,NaN,-.015212499075672159,NaN,NaN,NaN,-.0660184919721032,NaN,NaN,NaN,NaN,.07567573959343873,NaN,NaN,NaN,NaN,NaN,NaN,NaN,NaN,NaN,NaN,NaN,NaN,NaN,NaN,NaN,NaN,.0648447240237427,NaN,NaN,NaN,.11229417109993985,NaN,.06632435901699237,.10921473638831021,NaN,NaN,NaN,NaN,NaN,NaN,NaN,NaN,NaN,NaN,NaN,.030653012273345322,NaN,NaN,NaN,-.11412705319679156,.03402084646661859,NaN,NaN,-.05198065141009814,-.025813878204976125,NaN,NaN,NaN,NaN,NaN,NaN,.07007879601190091,NaN,-.11785353528497945
-.28998797783996616,NaN,NaN,NaN,NaN,NaN,NaN,-.23302223275847586,NaN,NaN,NaN,NaN,-.09151409627513966,NaN,NaN,NaN,-.1715892753263594,NaN,NaN,-.11868353706179226,NaN,-.256904307199186,NaN,NaN,NaN,-.28791073532148836,-.11772525738641998,NaN,NaN,NaN,NaN,NaN,NaN,NaN,NaN,NaN,-.016691818119606832,NaN,NaN,-.15470171820673018,NaN,NaN,NaN,-.11067356143877745,NaN,NaN,NaN,NaN,NaN,NaN,NaN,NaN,NaN,NaN,-.026605453578567043,NaN,NaN,-.1240658456964344,NaN,NaN,NaN,NaN,-.09960625049683548,NaN,NaN,-.213175615060072,-.17168236243566715,-.2507500393588347,NaN,NaN,-.19757851163315587,NaN,NaN,NaN,NaN,NaN,-.17492199083932075,NaN,-.14804212884327772,-.17611884899926444,NaN,NaN,NaN,NaN,NaN,NaN,-.12701865531888923,NaN,NaN,NaN,NaN,-.2592595144330388,NaN,NaN,NaN,NaN,NaN,NaN,NaN,NaN
NaN,NaN,NaN,NaN,.0006300955643209044,NaN,NaN,NaN,NaN,NaN,NaN,NaN,NaN,NaN,NaN,NaN,-.027755955601702516,NaN,NaN,NaN,NaN,NaN,.02024795957899729,NaN,NaN,NaN,NaN,NaN,NaN,NaN,NaN,-.10436868238732683,NaN,NaN,NaN,NaN,NaN,NaN,-.08616291631413979,NaN,NaN,NaN,NaN,NaN,NaN,NaN,NaN,NaN,NaN,-.010888735704029383,NaN,NaN,.025172053294896194,NaN,-.008270101925773926,-.07383499726677448,NaN,NaN,NaN,NaN,NaN,NaN,.024109910411684827,NaN,NaN,NaN,NaN,NaN,NaN,NaN,NaN,NaN,NaN,NaN,NaN,NaN,NaN,NaN,NaN,NaN,NaN,NaN,NaN,NaN,NaN,NaN,NaN,NaN,-.08031039038750254,NaN,NaN,NaN,NaN,NaN,NaN,NaN,NaN,NaN,NaN,NaN
NaN,NaN,NaN,NaN,NaN,NaN,NaN,NaN,NaN,NaN,NaN,NaN,NaN,NaN,-.021255873743772642,NaN,.013538118688672158,NaN,NaN,NaN,NaN,NaN,NaN,NaN,NaN,NaN,NaN,NaN,NaN,NaN,NaN,NaN,NaN,NaN,NaN,NaN,-.017822183223940684,NaN,NaN,NaN,NaN,NaN,NaN,-.003487658053291107,NaN,NaN,NaN,NaN,NaN,-.011872932681290528,NaN,NaN,NaN,NaN,NaN,NaN,NaN,NaN,NaN,NaN,NaN,NaN,NaN,-.03261151584794699,NaN,NaN,NaN,-.2992542024348533,NaN,NaN,NaN,NaN,NaN,NaN,NaN,NaN,NaN,NaN,-.019823072691651428,NaN,NaN,NaN,NaN,NaN,NaN,NaN,NaN,NaN,NaN,NaN,NaN,NaN,NaN,-.10577381430646897,NaN,NaN,NaN,NaN,NaN,NaN
NaN,NaN,-.17382168987007587,NaN,NaN,NaN,NaN,-.1713829162150546,NaN,NaN,NaN,-.25013630762839967,-.19016689777514476,NaN,NaN,NaN,NaN,NaN,-.17401571529110238,NaN,-.2500170819849299,NaN,NaN,NaN,NaN,NaN,-.23621176758610465,NaN,NaN,NaN,NaN,NaN,-.08652367192922478,-.06040185733536818,NaN,NaN,NaN,-.4089306899919158,-.277415240204223,-.30140211924249044,NaN,-.3517819949716555,NaN,-.2536681212223753,-.061802743608147144,NaN,-.1865636240046081,NaN,NaN,NaN,NaN,NaN,NaN,-.005914212185996293,NaN,NaN,NaN,NaN,NaN,NaN,NaN,NaN,-.15254590022549572,NaN,NaN,-.3214225068789231,NaN,NaN,NaN,NaN,NaN,-.21429728145763,NaN,NaN,NaN,NaN,NaN,NaN,NaN,NaN,NaN,NaN,NaN,-.14474144892993757,NaN,NaN,-.20978490068587255,-.0015924738085409305,NaN,-.025352033763576632,NaN,-.06795638184171529,NaN,NaN,NaN,NaN,NaN,NaN,NaN,NaN
NaN,NaN,NaN,NaN,-.005660767426307477,NaN,NaN,NaN,.07876579705959051,NaN,NaN,-.06651067479201982,NaN,NaN,NaN,-.06535992933714398,-.08844075157867048,NaN,NaN,-.03152890199036148,NaN,NaN,NaN,NaN,-.06935322116441536,NaN,NaN,NaN,-.10871538800490547,-.12139536614500128,NaN,NaN,NaN,-.04822173682105689,NaN,.02642967548339009,NaN,.048058209150099625,NaN,NaN,NaN,NaN,-.07684744122864508,-.09776527317131573,NaN,NaN,NaN,-.03379528870819469,NaN,NaN,NaN,NaN,NaN,NaN,NaN,NaN,-.12935439954902997,NaN,NaN,NaN,NaN,NaN,NaN,NaN,NaN,NaN,NaN,NaN,NaN,NaN,NaN,NaN,NaN,NaN,NaN,NaN,NaN,-.09906896412062466,NaN,NaN,NaN,NaN,NaN,NaN,NaN,.009092582025731218,NaN,NaN,NaN,NaN,NaN,NaN,NaN,.0948157634164437,.06908756679134359,NaN,NaN,NaN,NaN,NaN
NaN,NaN,NaN,NaN,NaN,.057575618425625745,NaN,NaN,.060549001090214265,NaN,.002414852722519689,NaN,NaN,NaN,NaN,NaN,NaN,NaN,NaN,NaN,NaN,NaN,NaN,NaN,NaN,NaN,.019025195134933198,NaN,NaN,NaN,NaN,NaN,NaN,NaN,NaN,NaN,NaN,NaN,NaN,NaN,NaN,.011482784364205526,-.03998968453914497,NaN,NaN,NaN,NaN,NaN,.1887547063645825,NaN,NaN,.00845755362215031,NaN,NaN,-.008837268287907188,NaN,.003452477688780478,.03082853660941278,NaN,NaN,.02485199640318414,NaN,NaN,NaN,NaN,NaN,.04471491413649987,NaN,NaN,NaN,NaN,NaN,NaN,.07142803496728,.1906576885373508,NaN,NaN,NaN,NaN,NaN,NaN,NaN,NaN,NaN,NaN,NaN,NaN,NaN,NaN,NaN,.14979861825908516,NaN,NaN,NaN,NaN,-.0074739263661688085,NaN,NaN,NaN,NaN
NaN,NaN,NaN,NaN,NaN,NaN,NaN,NaN,NaN,NaN,-.08401730161524083,NaN,NaN,NaN,NaN,-.09648575501345391,NaN,NaN,NaN,-.30657357003436714,-.14744941084729377,-.21964995258846423,NaN,NaN,NaN,-.18706657182260375,NaN,NaN,NaN,NaN,NaN,NaN,NaN,NaN,NaN,NaN,-.028891056386736752,NaN,NaN,NaN,NaN,NaN,NaN,NaN,NaN,NaN,NaN,NaN,NaN,NaN,-.19502164997475052,NaN,NaN,NaN,NaN,NaN,NaN,-.3007172485179126,-.1138596271598207,NaN,NaN,NaN,NaN,NaN,-.09475802560776767,-.09094453166039329,NaN,NaN,NaN,NaN,NaN,NaN,NaN,NaN,NaN,NaN,-.06823993765655269,NaN,-.09319587274758265,NaN,-.008091386586170386,NaN,NaN,-.043845761190016604,NaN,NaN,NaN,NaN,NaN,-.20132476380289627,NaN,NaN,NaN,-.334121911179261,NaN,NaN,NaN,NaN,-.08142215307735821,NaN
NaN,NaN,-.24069615382082188,NaN,NaN,NaN,NaN,NaN,NaN,NaN,NaN,NaN,-.2453025609893306,NaN,-.21725092094103474,NaN,NaN,NaN,-.27132615017029593,-.19372788475336616,-.33006503704769913,NaN,-.22726791773432775,NaN,NaN,NaN,NaN,NaN,NaN,-.2216907583330847,NaN,NaN,-.20924749134038279,NaN,NaN,NaN,NaN,NaN,NaN,-.2452821195813848,NaN,-.15957921221858437,-.25434541919361153,NaN,NaN,NaN,-.29566196316569743,NaN,.06331473578974857,NaN,NaN,NaN,NaN,NaN,NaN,NaN,NaN,NaN,NaN,NaN,NaN,NaN,NaN,NaN,-.26136875038357493,NaN,NaN,NaN,NaN,NaN,NaN,NaN,NaN,NaN,NaN,-.25414370905427336,NaN,NaN,-.23912523723529855,NaN,NaN,NaN,NaN,NaN,NaN,NaN,NaN,NaN,NaN,NaN,NaN,NaN,NaN,-.3068277899289075,-.19737355170044082,NaN,NaN,-.28570171472574435,NaN,NaN
NaN,-.08563658162911879,NaN,NaN,NaN,NaN,NaN,NaN,NaN,NaN,-.11676175487163924,NaN,-.11332641586681906,NaN,NaN,-.060985217188816054,NaN,NaN,NaN,NaN,NaN,NaN,NaN,-.1311765852036896,NaN,NaN,NaN,NaN,-.09845424059013863,NaN,-.10174562971349817,NaN,NaN,NaN,NaN,NaN,NaN,NaN,NaN,NaN,NaN,NaN,-.0918903804205416,-.11660038040081461,NaN,NaN,NaN,NaN,NaN,NaN,-.07852803923849835,NaN,NaN,NaN,-.05077602440324195,-.09390951676599708,NaN,NaN,NaN,NaN,NaN,NaN,NaN,-.07443753020535412,NaN,NaN,NaN,NaN,NaN,-.11819386263923806,-.15800788774279004,-.093608464292191,-.0266734281044481,-.03699651566734319,NaN,NaN,NaN,NaN,NaN,NaN,NaN,-.10159056462721947,-.1516646939749861,NaN,-.07292103631820582,-.11844528793419311,NaN,NaN,-.1072242952222145,NaN,NaN,NaN,NaN,NaN,NaN,-.09369098408060782,NaN,NaN,NaN,NaN
NaN,NaN,.03819604389743833,NaN,NaN,NaN,-.03597285224872693,-.035693441017285304,NaN,NaN,NaN,NaN,NaN,-.15980287676746263,.023506479094919992,NaN,NaN,NaN,-.032388698316195966,-.17095125830342428,NaN,NaN,NaN,NaN,NaN,NaN,NaN,NaN,.0519702739937836,NaN,NaN,NaN,NaN,NaN,NaN,NaN,NaN,NaN,NaN,NaN,NaN,.05368689803147081,NaN,NaN,NaN,NaN,.0549906449022826,NaN,NaN,NaN,NaN,NaN,NaN,-.006402380925074969,NaN,.03092023770038238,NaN,NaN,NaN,NaN,NaN,.00169370194068267,NaN,.13936653359902826,NaN,NaN,NaN,.3186137672253864,NaN,NaN,NaN,.02280975763635545,.008461144525495982,.06503292648220714,NaN,NaN,.08173396357569417,NaN,NaN,NaN,-.009719548458004329,NaN,NaN,-.051973241534252174,NaN,.13004571973289625,NaN,NaN,NaN,NaN,NaN,NaN,.04088587847975487,NaN,NaN,.04077097783181236,-.03127857358960645,NaN,.07543444327461328,NaN
NaN,NaN,NaN,NaN,NaN,-.16799109834697135,NaN,NaN,-.12839675446054338,NaN,NaN,NaN,NaN,NaN,NaN,NaN,NaN,NaN,-.19512887667270745,NaN,NaN,NaN,NaN,NaN,NaN,NaN,NaN,NaN,NaN,NaN,NaN,NaN,NaN,NaN,NaN,NaN,-.05434765776101267,NaN,NaN,NaN,NaN,NaN,NaN,NaN,NaN,NaN,NaN,NaN,NaN,NaN,NaN,-.21829180276321047,NaN,-.012279909225771489,NaN,NaN,NaN,NaN,NaN,NaN,NaN,NaN,NaN,NaN,-.27421418456423996,NaN,NaN,NaN,NaN,-.14006494317941426,-.2822932839088818,NaN,-.032929459964454746,NaN,NaN,-.2071016117614052,NaN,NaN,NaN,NaN,NaN,NaN,NaN,NaN,-.1605305632051278,NaN,-.2126256313834614,NaN,NaN,-.41036752779742947,NaN,-.26545644587621114,-.4242233578533481,NaN,-.34453824285161777,NaN,-.08206946057957183,NaN,NaN,NaN
.08452180854083495,NaN,NaN,NaN,NaN,NaN,-.05973305848485312,NaN,.1151927760467189,NaN,NaN,NaN,-.11322959721510685,NaN,NaN,NaN,NaN,NaN,NaN,NaN,-.11354168218114823,NaN,NaN,NaN,NaN,NaN,NaN,NaN,NaN,-.10551257184413781,NaN,.060095955124588596,NaN,NaN,NaN,.2402639346010247,NaN,NaN,NaN,NaN,.14852760352703334,-.14062310958940472,NaN,NaN,NaN,-.0651037653794056,NaN,NaN,-.05191560020133718,-.014947437362250245,.17453386678541077,-.05678282447824457,NaN,NaN,NaN,NaN,NaN,NaN,NaN,-.05780106412600441,NaN,-.025765396695698887,NaN,NaN,NaN,-.1250832150814602,NaN,NaN,NaN,NaN,NaN,NaN,NaN,.018519845392935205,NaN,NaN,-.11644674712271742,NaN,NaN,NaN,-.006858760318796376,NaN,NaN,-.07964176721362473,NaN,NaN,-.06329333242328707,NaN,NaN,NaN,NaN,NaN,NaN,NaN,.10947455963781676,NaN,NaN,NaN,NaN,.06758344118464117
.11841493385785527,.06644262008156579,.05427819373492823,NaN,NaN,NaN,NaN,NaN,NaN,NaN,NaN,NaN,.00037751029261454637,NaN,NaN,NaN,NaN,NaN,NaN,NaN,NaN,NaN,NaN,.30161550541563387,NaN,NaN,.060947775843349615,NaN,NaN,NaN,NaN,NaN,NaN,NaN,NaN,NaN,NaN,NaN,.0751338963083145,.14244486488702215,.3070961535104831,NaN,NaN,NaN,NaN,NaN,.033600231544085264,NaN,NaN,NaN,NaN,NaN,NaN,-.0024185447162516746,NaN,NaN,NaN,NaN,.11960954574632046,9736423642934458e-21,NaN,.02251595301378582,NaN,NaN,.09017549419215128,NaN,NaN,NaN,.09276313252264522,NaN,NaN,NaN,NaN,NaN,NaN,NaN,NaN,NaN,NaN,NaN,NaN,.13794351267372265,NaN,NaN,NaN,NaN,NaN,NaN,NaN,NaN,NaN,NaN,NaN,NaN,NaN,NaN,NaN,.1721429927465337,NaN,.44602344668359956
NaN,NaN,NaN,NaN,NaN,NaN,-.15952095269537525,-.175763814079349,NaN,NaN,NaN,NaN,NaN,NaN,NaN,-.19700427933984374,NaN,NaN,-.1471134297184344,NaN,NaN,NaN,NaN,-.2445912246237048,NaN,NaN,NaN,NaN,NaN,NaN,NaN,NaN,NaN,NaN,NaN,NaN,NaN,NaN,NaN,NaN,NaN,NaN,NaN,NaN,NaN,NaN,NaN,NaN,NaN,NaN,NaN,NaN,-.16359799913053757,NaN,NaN,NaN,-.1191322665235617,NaN,-.12608085036872735,NaN,NaN,NaN,NaN,NaN,NaN,NaN,NaN,NaN,NaN,NaN,NaN,NaN,NaN,NaN,NaN,NaN,NaN,NaN,NaN,-.21688377737228554,NaN,NaN,NaN,NaN,-.3608067315210449,NaN,NaN,-.006044426776951027,NaN,NaN,NaN,NaN,NaN,NaN,NaN,NaN,NaN,-.18657943056897924,NaN,NaN
NaN,NaN,NaN,NaN,NaN,NaN,NaN,NaN,NaN,NaN,NaN,NaN,NaN,-.011089275642690143,NaN,NaN,NaN,.05479537742700408,NaN,.1850509980178054,NaN,NaN,NaN,NaN,NaN,NaN,.07563214663973114,NaN,.04612498632279448,NaN,NaN,NaN,NaN,NaN,.07008324546978136,NaN,NaN,-.029708501234002073,.09654013602522409,NaN,NaN,.01001277761523346,NaN,NaN,NaN,NaN,NaN,-.0013538679429707478,NaN,NaN,NaN,NaN,NaN,NaN,NaN,NaN,NaN,.1106872743352387,.1447520102709028,NaN,NaN,NaN,.04348318216940135,NaN,NaN,.10571081224933436,.1836073650240385,.23323406826143236,NaN,NaN,NaN,NaN,NaN,.07539831341787799,NaN,NaN,NaN,NaN,NaN,NaN,NaN,NaN,NaN,NaN,NaN,NaN,NaN,NaN,NaN,NaN,NaN,NaN,NaN,NaN,NaN,NaN,NaN,NaN,NaN,.06255173454795164
NaN,-.10288508503257711,NaN,-.11453071537698804,NaN,-.12665769665754065,NaN,-.39440647432879894,NaN,NaN,NaN,-.16239591254728475,NaN,-.4986028261284845,NaN,NaN,NaN,-.22776978629184963,NaN,NaN,NaN,NaN,NaN,NaN,NaN,NaN,NaN,NaN,NaN,NaN,NaN,NaN,NaN,NaN,-.14076679178932672,NaN,NaN,NaN,NaN,NaN,NaN,NaN,NaN,NaN,NaN,NaN,NaN,NaN,NaN,NaN,NaN,NaN,NaN,NaN,NaN,NaN,NaN,NaN,NaN,NaN,-.32663779304585006,NaN,NaN,-.22773207553607425,NaN,NaN,NaN,NaN,NaN,-.1470509855186875,NaN,NaN,NaN,-.33158052487450707,-.23710937846958627,-.20758694551955864,NaN,-.14328935481318741,NaN,NaN,NaN,NaN,NaN,NaN,NaN,-.288097802387284,NaN,NaN,NaN,NaN,NaN,NaN,NaN,NaN,NaN,NaN,NaN,-.3865580179904031,NaN,NaN
NaN,NaN,NaN,-.011247903971679032,NaN,.0018651547441570853,NaN,-.12498779514489289,-.046538663901089745,-.12423286998342715,NaN,NaN,NaN,-.13518407487548356,-.06955970501346431,NaN,-.08762565762121234,NaN,NaN,NaN,NaN,-.11136476325354631,-.03166019435708681,NaN,-.051669928557183574,NaN,NaN,NaN,NaN,NaN,-.022369114441387037,NaN,-.049959544865830804,NaN,NaN,-.042683563609631076,NaN,NaN,NaN,NaN,NaN,NaN,NaN,NaN,-.12375445844836798,-.06281650821556163,NaN,NaN,-.06314459694446278,NaN,NaN,NaN,NaN,NaN,-.015319826132035442,NaN,-.013169317506156413,NaN,NaN,-.04329277584685734,NaN,-.03220327114666391,NaN,NaN,NaN,NaN,.028638484203059474,NaN,-.023497200635276844,NaN,NaN,NaN,NaN,NaN,-.020206186294397646,NaN,NaN,NaN,-.0937378365474329,NaN,NaN,NaN,-.12849574866742894,NaN,NaN,NaN,NaN,NaN,.010137560519911647,NaN,.05869048187227202,NaN,-.1468124491394864,NaN,NaN,-.06676528854285398,NaN,-.17939718571737817,NaN,NaN
NaN,-.08471751059339327,-.12130567879380588,NaN,NaN,NaN,NaN,NaN,NaN,-.390041930265406,-.1943361478530539,NaN,NaN,NaN,NaN,-.1369302880276344,NaN,-.17706255103348142,-.13550805528717158,NaN,NaN,NaN,NaN,NaN,-.13372374338722035,NaN,NaN,NaN,NaN,NaN,NaN,NaN,NaN,-.15140763306873678,NaN,-.3080348192582396,NaN,-.09600966961476957,NaN,NaN,NaN,NaN,NaN,NaN,NaN,-.11687170733703123,NaN,-.047835436846935885,NaN,NaN,-.2152477896737621,NaN,NaN,NaN,NaN,NaN,-.211223912077731,NaN,NaN,-.16103162265062307,NaN,NaN,NaN,NaN,-.15155873004026565,NaN,NaN,NaN,NaN,NaN,.026116260435074933,-.18882702329553475,NaN,NaN,NaN,-.14454651357096804,NaN,-.15347652649930224,NaN,NaN,-.01890960124969618,NaN,NaN,NaN,NaN,NaN,NaN,NaN,NaN,NaN,NaN,NaN,NaN,NaN,NaN,NaN,NaN,NaN,NaN,NaN
-.04381895291602061,NaN,-.22329019588672855,NaN,-.005893916235461838,-.07142673206619789,NaN,NaN,NaN,NaN,NaN,-.13027570575139996,NaN,-.11481992537672779,NaN,NaN,NaN,NaN,NaN,NaN,NaN,NaN,-.09035994470863708,NaN,NaN,NaN,NaN,NaN,NaN,NaN,-.2764298071977637,NaN,NaN,NaN,NaN,NaN,NaN,NaN,NaN,NaN,NaN,NaN,NaN,NaN,NaN,NaN,NaN,NaN,NaN,NaN,NaN,NaN,NaN,NaN,NaN,-.3540782619729653,NaN,.03493940118861762,NaN,NaN,NaN,-.13079459416477895,NaN,NaN,-.19109591320790786,NaN,NaN,NaN,NaN,NaN,NaN,-.006228655400226022,NaN,NaN,NaN,NaN,NaN,-.09118309497811188,NaN,NaN,-.00784071090825644,NaN,NaN,NaN,-.14081289047266105,NaN,-.15965799245252765,-.005943224490758304,NaN,NaN,-.039515138312142074,-.09872753026321637,NaN,NaN,NaN,NaN,NaN,NaN,NaN,NaN
NaN,NaN,NaN,NaN,NaN,NaN,NaN,NaN,NaN,NaN,NaN,NaN,NaN,NaN,NaN,NaN,NaN,NaN,NaN,NaN,-.3594752256880278,NaN,NaN,NaN,NaN,-.23005860598757927,NaN,NaN,NaN,NaN,NaN,NaN,NaN,NaN,NaN,-.5960499974200762,NaN,NaN,NaN,NaN,-.4015089903783079,NaN,NaN,NaN,NaN,NaN,NaN,NaN,NaN,NaN,NaN,NaN,NaN,NaN,NaN,-.2244796227794345,NaN,NaN,NaN,NaN,NaN,NaN,NaN,-.15760347624121915,NaN,NaN,NaN,NaN,NaN,NaN,NaN,NaN,-.02376046470483553,NaN,NaN,NaN,NaN,NaN,NaN,-.25281219622627044,NaN,NaN,NaN,-.23202096839380631,NaN,NaN,NaN,NaN,NaN,NaN,NaN,NaN,-.5102720886894418,NaN,-.7908812239671545,NaN,NaN,NaN,NaN,NaN
NaN,NaN,NaN,-.054684561986717735,NaN,NaN,NaN,NaN,NaN,NaN,NaN,NaN,NaN,NaN,NaN,NaN,NaN,NaN,NaN,NaN,NaN,NaN,NaN,NaN,NaN,NaN,NaN,NaN,NaN,-.12163407131091912,-.07707730353026074,-.1079845636037833,-.06460678224649284,NaN,NaN,NaN,NaN,-.14363783920484255,NaN,NaN,NaN,NaN,NaN,NaN,NaN,NaN,NaN,NaN,-.08014400456963026,NaN,NaN,-.059687137271309844,NaN,NaN,NaN,NaN,NaN,NaN,NaN,NaN,NaN,NaN,NaN,NaN,NaN,NaN,NaN,NaN,NaN,NaN,.03584192299100421,NaN,NaN,NaN,-.2576664257337042,NaN,NaN,NaN,-.053072211852981235,NaN,-.008850267931081292,NaN,NaN,NaN,NaN,NaN,NaN,-.0069027897190099465,NaN,NaN,NaN,NaN,-.1584323353193482,NaN,NaN,-.09535514265302993,-.04841459426033355,NaN,-.04152149546852563,NaN
NaN,NaN,.25194323823255177,NaN,NaN,NaN,NaN,.6281722346050632,NaN,.3651243880727856,NaN,NaN,NaN,.39687333945249154,NaN,NaN,NaN,NaN,NaN,NaN,NaN,.45298823902695523,NaN,.5193927136801778,NaN,.4006059424951805,NaN,NaN,NaN,.16466102487628292,.14865131754105054,NaN,NaN,NaN,NaN,NaN,NaN,NaN,NaN,NaN,.37578047057167346,NaN,NaN,NaN,NaN,NaN,.1650235011242954,NaN,NaN,NaN,NaN,NaN,NaN,.0016960105676994686,NaN,.13282265926614703,NaN,NaN,NaN,NaN,NaN,NaN,NaN,NaN,NaN,NaN,NaN,NaN,.11058802627203863,NaN,NaN,NaN,NaN,NaN,NaN,.10954101022469,.2728210771073262,NaN,NaN,NaN,NaN,NaN,NaN,NaN,NaN,NaN,NaN,NaN,NaN,NaN,NaN,NaN,NaN,NaN,NaN,NaN,NaN,NaN,.11288530291142633,NaN
